CREATE DATABASE  IF NOT EXISTS `blog` /*!40100 DEFAULT CHARACTER SET utf8mb4 COLLATE utf8mb4_0900_ai_ci */ /*!80016 DEFAULT ENCRYPTION='N' */;
USE `blog`;
-- MySQL dump 10.13  Distrib 8.0.31, for macos12 (x86_64)
--
-- Host: 127.0.0.1    Database: blog
-- ------------------------------------------------------
-- Server version	8.0.28

/*!40101 SET @OLD_CHARACTER_SET_CLIENT=@@CHARACTER_SET_CLIENT */;
/*!40101 SET @OLD_CHARACTER_SET_RESULTS=@@CHARACTER_SET_RESULTS */;
/*!40101 SET @OLD_COLLATION_CONNECTION=@@COLLATION_CONNECTION */;
/*!50503 SET NAMES utf8 */;
/*!40103 SET @OLD_TIME_ZONE=@@TIME_ZONE */;
/*!40103 SET TIME_ZONE='+00:00' */;
/*!40014 SET @OLD_UNIQUE_CHECKS=@@UNIQUE_CHECKS, UNIQUE_CHECKS=0 */;
/*!40014 SET @OLD_FOREIGN_KEY_CHECKS=@@FOREIGN_KEY_CHECKS, FOREIGN_KEY_CHECKS=0 */;
/*!40101 SET @OLD_SQL_MODE=@@SQL_MODE, SQL_MODE='NO_AUTO_VALUE_ON_ZERO' */;
/*!40111 SET @OLD_SQL_NOTES=@@SQL_NOTES, SQL_NOTES=0 */;

--
-- Table structure for table `authorities`
--

DROP TABLE IF EXISTS `authorities`;
/*!40101 SET @saved_cs_client     = @@character_set_client */;
/*!50503 SET character_set_client = utf8mb4 */;
CREATE TABLE `authorities` (
  `id_authorities` int NOT NULL AUTO_INCREMENT,
  `username` varchar(45) NOT NULL,
  `authority` varchar(45) NOT NULL,
  PRIMARY KEY (`id_authorities`)
) ENGINE=InnoDB AUTO_INCREMENT=147 DEFAULT CHARSET=utf8mb4 COLLATE=utf8mb4_0900_ai_ci;
/*!40101 SET character_set_client = @saved_cs_client */;

--
-- Dumping data for table `authorities`
--

LOCK TABLES `authorities` WRITE;
/*!40000 ALTER TABLE `authorities` DISABLE KEYS */;
INSERT INTO `authorities` VALUES (93,',Jovana','ROLE_admin'),(94,',Jovana','ROLE_admin'),(95,',goran','ROLE_admin'),(96,',goran','ROLE_admin'),(97,',Janko','ROLE_user'),(98,',Janko','ROLE_user'),(99,',Jovan','ROLE_admin'),(100,',Jovan','ROLE_admin'),(101,',mika','ROLE_admin'),(102,',mika','ROLE_admin'),(103,',mirko','ROLE_user'),(104,',mirko','ROLE_user,ROLE_user'),(105,',sanja','ROLE_user'),(106,',sanja','ROLE_user'),(107,',Stanko','ROLE_user'),(108,',Stanko','ROLE_user'),(145,',admin1','ROLE_admin'),(146,',admin1','ROLE_admin');
/*!40000 ALTER TABLE `authorities` ENABLE KEYS */;
UNLOCK TABLES;

--
-- Table structure for table `blog_comment`
--

DROP TABLE IF EXISTS `blog_comment`;
/*!40101 SET @saved_cs_client     = @@character_set_client */;
/*!50503 SET character_set_client = utf8mb4 */;
CREATE TABLE `blog_comment` (
  `id_blog_comment` int NOT NULL AUTO_INCREMENT,
  `blog_product_id` int NOT NULL,
  `visitor_id` int NOT NULL,
  `content` varchar(1000) NOT NULL,
  `blog_comment_date` datetime NOT NULL DEFAULT CURRENT_TIMESTAMP,
  `enabled` tinyint(1) NOT NULL DEFAULT (1),
  PRIMARY KEY (`id_blog_comment`),
  KEY `visitor_id_visitor_pk_blog_comment_fk` (`visitor_id`),
  KEY `blog_product_id_blog_product_pk_blog_comment_blog_product_id_fk` (`blog_product_id`),
  CONSTRAINT `blog_product_id_blog_product_pk_blog_comment_blog_product_id_fk` FOREIGN KEY (`blog_product_id`) REFERENCES `blog_product` (`id_blog_product`),
  CONSTRAINT `visitor_id_visitor_pk_blog_comment_fk` FOREIGN KEY (`visitor_id`) REFERENCES `visitor` (`id_visitor`)
) ENGINE=InnoDB AUTO_INCREMENT=45 DEFAULT CHARSET=utf8mb4 COLLATE=utf8mb4_0900_ai_ci;
/*!40101 SET character_set_client = @saved_cs_client */;

--
-- Dumping data for table `blog_comment`
--

LOCK TABLES `blog_comment` WRITE;
/*!40000 ALTER TABLE `blog_comment` DISABLE KEYS */;
INSERT INTO `blog_comment` VALUES (1,1,8,'Odlican blog','2023-06-30 00:59:26',1),(2,2,7,'Odlicno','2023-06-30 00:57:54',1),(3,1,3,'Very nice article','2023-06-27 00:00:00',1),(4,1,9,'Odlicno samo tako nastavi','2023-06-30 01:01:41',1),(5,11,10,'Odlican auto i lepa slika','2023-06-30 01:02:30',1),(6,1,11,'Primetno je poboljsanje u odnosu na prosli put','2023-06-30 01:05:23',1),(7,1,12,'Test 123','2023-06-30 01:07:58',1),(8,10,13,'Test 123','2023-06-30 01:10:31',1),(9,11,14,'Interensantan blog','2023-06-30 01:10:57',1),(10,13,15,'Interensantno','2023-06-30 01:12:36',1),(11,11,16,'asdfasdfasdf','2023-07-06 00:06:27',0),(12,11,17,'Zikin komentar','2023-07-06 00:08:28',1),(13,10,18,'Yahoo comment','2023-07-06 00:08:57',1),(14,11,19,'Jelena komentarise','2023-07-06 00:13:43',0),(15,25,20,'Komentar 123 123 123','2023-07-08 23:46:39',1),(16,25,21,'sadfasdfasdfasdf asdfasdfasdfasdf','2023-07-08 23:49:03',0),(17,25,22,'a;sldkfj;alskdjfalsk fl;aksjdf ;lk\r\nasdkofja;skldfj\r\n','2023-07-08 23:50:04',1),(18,25,23,'Komentar 456 456 456 ','2023-07-08 23:52:56',1),(19,29,24,'komentar 123 1223','2023-07-08 23:54:41',1),(20,29,25,'Markov komentar ','2023-07-08 23:55:17',1),(21,27,26,'kometnar 123 456 789 ','2023-07-09 00:06:02',1),(22,26,27,'Kometnar 123 123 123 ','2023-07-09 00:06:25',1),(23,26,28,'Kometnar 123 123 123 \r\nKometnar 123 123 123 \r\nKometnar 123 123 123 ','2023-07-09 00:06:43',1),(24,30,29,'odlican tekst','2023-07-10 21:47:19',1),(25,30,30,'Test komentar','2023-07-11 21:43:06',1),(26,30,32,'Test komentar 2','2023-07-11 21:43:33',1),(27,30,34,'Test komentar 3','2023-07-11 21:44:05',1),(28,30,36,'test 123 123','2023-07-11 22:25:20',1),(29,30,37,'Test 789','2023-07-11 23:51:48',1),(30,30,38,'sdfasdf','2023-07-11 23:56:22',1),(31,29,39,'Test 123','2023-07-11 23:59:09',1),(32,29,40,'123','2023-07-11 23:59:36',1),(33,29,41,'sadfasdfasdf','2023-07-12 00:00:11',1),(34,27,42,'123 123 123','2023-07-12 00:03:28',1),(35,25,43,'a','2023-07-12 00:19:03',1),(36,17,44,'sadfasdf','2023-07-12 00:24:46',1),(37,17,45,'sadfasdf','2023-07-12 00:26:37',1),(38,27,46,'asdfsadf asdfasdf','2023-07-13 00:13:19',1),(39,32,47,'Nice car','2023-07-14 19:01:17',1),(40,37,48,'komentar','2023-07-19 17:11:19',1),(41,38,49,'Congrats to Carlos! Novak  also played great tennis. ','2023-07-25 22:30:51',1),(42,42,50,'Komentar ','2023-07-26 16:53:48',1),(43,43,51,'Good content','2023-07-26 18:33:32',1),(44,43,52,'Nice phones\r\n','2023-07-26 18:36:07',1);
/*!40000 ALTER TABLE `blog_comment` ENABLE KEYS */;
UNLOCK TABLES;

--
-- Table structure for table `blog_product`
--

DROP TABLE IF EXISTS `blog_product`;
/*!40101 SET @saved_cs_client     = @@character_set_client */;
/*!50503 SET character_set_client = utf8mb4 */;
CREATE TABLE `blog_product` (
  `id_blog_product` int NOT NULL AUTO_INCREMENT,
  `username` varchar(45) NOT NULL,
  `blog_title` varchar(255) NOT NULL,
  `description` varchar(500) NOT NULL,
  `content` text NOT NULL,
  `important` tinyint(1) NOT NULL DEFAULT '0',
  `enabled` tinyint(1) NOT NULL DEFAULT '1',
  `image` text,
  `visit_count` int NOT NULL,
  `comment_count` int NOT NULL,
  `date_created` datetime NOT NULL,
  `date_modified` datetime DEFAULT NULL,
  `category_id` int NOT NULL,
  `date_string` varchar(45) DEFAULT NULL,
  PRIMARY KEY (`id_blog_product`),
  KEY `category_id_category_pk_blog_category_id_fk` (`category_id`),
  KEY `users_username_pk_blog_username_fk` (`username`),
  CONSTRAINT `category_id_category_pk_blog_category_id_fk` FOREIGN KEY (`category_id`) REFERENCES `category` (`id_category`),
  CONSTRAINT `users_username_pk_blog_username_fk` FOREIGN KEY (`username`) REFERENCES `users` (`username`)
) ENGINE=InnoDB AUTO_INCREMENT=44 DEFAULT CHARSET=utf8mb4 COLLATE=utf8mb4_0900_ai_ci;
/*!40101 SET character_set_client = @saved_cs_client */;

--
-- Dumping data for table `blog_product`
--

LOCK TABLES `blog_product` WRITE;
/*!40000 ALTER TABLE `blog_product` DISABLE KEYS */;
INSERT INTO `blog_product` VALUES (1,',admin1','Travel - Lorem ipsum dolom sit ametLorem ipsum dolom sit ametLorem ipsum dolom sit ametLorem','Travel destinations description description description description description','Lorem ipsum dolom sit ametLorem ipsum dolom sit ametLorem ipsum dolom sit ametLorem ipsum dolom sit ametLorem ipsum dolom sit amet',1,1,'images/ts_1690303802785_Travel_-_Lorem_ipsum.webp',2,5,'2023-06-14 20:10:00','2023-07-25 18:50:03',2,'14 June | 2023'),(2,',admin1','Food - Lorem ipsum dolor sit amet, consectetur adipiscing elit. Aliquam semper ipsum sit amet blandit ornare.',' Aliquam semper ipsum sit amet blandit ornare. Nullam quam odio, ornare vel suscipit eu, elementum posuere nisi. Maecenas mattis ornare leo sed','Lorem ipsum dolor sit amet, consectetur adipiscing elit. Aliquam semper ipsum sit amet blandit ornare. Nullam quam odio, ornare vel suscipit eu, elementum posuere nisi. Maecenas mattis ornare leo sed\r\nLorem ipsum dolor sit amet, consectetur adipiscing elit. Aliquam semper ipsum sit amet blandit ornare. Nullam quam odio, ornare vel suscipit eu, elementum posuere nisi. Maecenas mattis ornare leo sedLorem ipsum dolor sit amet, consectetur adipiscing elit. Aliquam semper ipsum sit amet blandit ornare. Nullam quam odio, ornare vel suscipit eu, elementum posuere nisi. Maecenas mattis ornare leo sedLorem ipsum dolor sit amet, consectetur adipiscing elit. Aliquam semper ipsum sit amet blandit ornare. Nullam quam odio, ornare vel suscipit eu, elementum posuere nisi. Maecenas mattis ornare leo sedLorem ipsum dolor sit amet, consectetur adipiscing elit. Aliquam semper ipsum sit amet blandit ornare. Nullam quam odio, ornare vel suscipit eu, elementum posuere nisi. Maecenas mattis ornare leo sedLorem ipsum dolor sit amet, consectetur adipiscing elit. Aliquam semper ipsum sit amet blandit ornare. Nullam quam odio, ornare vel suscipit eu, elementum posuere nisi. Maecenas mattis ornare leo sed\r\nLorem ipsum dolor sit amet, consectetur adipiscing elit. Aliquam semper ipsum sit amet blandit ornare. Nullam quam odio, ornare vel suscipit eu, elementum posuere nisi. Maecenas mattis ornare leo sedLorem ipsum dolor sit amet, consectetur adipiscing elit. Aliquam semper ipsum sit amet blandit ornare. Nullam quam odio, ornare vel suscipit eu, elementum posuere nisi. Maecenas mattis ornare leo sed\r\n\r\nLorem ipsum dolor sit amet, consectetur adipiscing elit. Aliquam semper ipsum sit amet blandit ornare. Nullam quam odio, ornare vel suscipit eu, elementum posuere nisi. Maecenas mattis ornare leo sedLorem ipsum dolor sit amet, consectetur adipiscing elit. Aliquam semper ipsum sit amet blandit ornare. Nullam quam odio, ornare vel suscipit eu, elementum posuere nisi. Maecenas mattis ornare leo sed',0,1,'images/ts_1690387324624_Food.jpg',14,1,'2023-06-17 23:20:00','2023-07-26 18:02:05',6,'17 June | 2023'),(10,',Jovana','Automotive - Proin dapibus risus at ligula lacinia, et congue justo bibendum. Ut eget convallis velit. ','Proin dapibus risus at ligula lacinia, et congue justo bibendum. Ut eget convallis velit. Sed varius cursus sem, at tempus erat tempor ut. Nulla feugiat, odio at laor ','Proin dapibus risus at ligula lacinia, et congue justo bibendum. Ut eget convallis velit. Sed varius cursus sem, at tempus erat tempor ut. Nulla feugiat, odio at laoreet pharetra, dui lacus pulvinar arcu, vel lacinia purus felis eu massa. Nulla sodales mauris ligula. Etiam ligula erat, commodo non odio mattis, efficitur varius neque. Donec convallis elementum fringilla. Sed faucibus quam nec massa finibus vehicula ac ut turpis. Quisque dolor diam, lobortis non leo ultrices, commodo luctus nisi. Mauris dignissim ultricies odio, eu pretium nulla. Nulla faucibus, mauris vel suscipit sollicitudin, mi velit tempus metus, interdum rutrum elit nibh sit amet mauris. In id dui rutrum, euismod nisi a, interdum dolor. Cras porttitor lorem non consectetur mollis. In pharetra malesuada suscipit. Donec vitae dui at purus rutrum auctor a at felis. Curabitur posuere arcu a augue tincidunt, nec interdum leo dapibus. \r\n\r\nProin dapibus risus at ligula lacinia, et congue justo bibendum. Ut eget convallis velit. Sed varius cursus sem, at tempus erat tempor ut. Nulla feugiat, odio at laoreet pharetra, dui lacus pulvinar arcu, vel lacinia purus felis eu massa. Nulla sodales mauris ligula. Etiam ligula erat, commodo non odio mattis, efficitur varius neque. Donec convallis elementum fringilla. Sed faucibus quam nec massa finibus vehicula ac ut turpis. Quisque dolor diam, lobortis non leo ultrices, commodo luctus nisi. Mauris dignissim ultricies odio, eu pretium nulla. Nulla faucibus, mauris vel suscipit sollicitudin, mi velit tempus metus, interdum rutrum elit nibh sit amet mauris. In id dui rutrum, euismod nisi a, interdum dolor. Cras porttitor lorem non consectetur mollis. In pharetra malesuada suscipit. Donec vitae dui at purus rutrum auctor a at felis. Curabitur posuere arcu a augue tincidunt, nec interdum leo dapibus. \r\nProin dapibus risus at ligula lacinia, et congue justo bibendum. Ut eget convallis velit. Sed varius cursus sem, at tempus erat tempor ut. Nulla feugiat, odio at laoreet pharetra, dui lacus pulvinar arcu, vel lacinia purus felis eu massa. Nulla sodales mauris ligula. Etiam ligula erat, commodo non odio mattis, efficitur varius neque. Donec convallis elementum fringilla. Sed faucibus quam nec massa finibus vehicula ac ut turpis. Quisque dolor diam, lobortis non leo ultrices, commodo luctus nisi. Mauris dignissim ultricies odio, eu pretium nulla. Nulla faucibus, mauris vel suscipit sollicitudin, mi velit tempus metus, interdum rutrum elit nibh sit amet mauris. In id dui rutrum, euismod nisi a, interdum dolor. Cras porttitor lorem non consectetur mollis. In pharetra malesuada suscipit. Donec vitae dui at purus rutrum auctor a at felis. Curabitur posuere arcu a augue tincidunt, nec interdum leo dapibus. ',1,1,'images/ts_1690303876457_Automotive_-_Proin_dapibus.jpg',2,2,'2023-06-23 21:33:00','2023-07-25 18:51:16',8,'23 June | 2023'),(11,',Jovana','Automotive - Proin dapibus risus at ligula lacinia, et congue justo bibendum. Ut eget convallis velit. ','Lorem ipsum dolor sit amet, consectetur adipiscing elit. Aliquam semper ipsum sit amet blandit ornare. Nullam quam odio, ornare vel suscipit eu, elementum posuere nisi. Maecenas mattis ornare leo sed','Lorem ipsum dolor sit amet, consectetur adipiscing elit. Sed vehicula est id accumsan maximus. Nulla et lacus a felis euismod laoreet eu et dui. In a tempor tortor. Praesent lacus lectus, dignissim quis ipsum sed, laoreet eleifend risus. Ut lobortis lorem vel pellentesque interdum. Orci varius natoque penatibus et magnis dis parturient montes, nascetur ridiculus mus. Vivamus eleifend metus in nisi auctor molestie. Nullam non dolor augue. Proin convallis auctor massa id gravida. Aenean lobortis velit velit, ac bibendum metus tristique ut. Maecenas pellentesque semper nunc sed feugiat. Mauris scelerisque turpis felis, vel porttitor leo facilisis quis. Morbi aliquam sem a justo pretium feugiat.',1,1,'images/ts_1690303886837_Automotive_-_Proin_dapibus_.avif',1,3,'2023-06-22 16:05:00','2023-07-25 18:51:27',1,'22 June | 2023'),(12,',Jovana','Camping - Proin dapibus risus at ligula lacinia, et congue justo bibendum. Ut eget convallis velit. ','Lorem ipsum dolor sit amet, consectetur adipiscing elit. Sed vehicula est id accumsan maximus. Nulla et lacus a f bortis lorem vel pellentesque interdum ','Lorem ipsum dolor sit amet, consectetur adipiscing elit. Sed vehicula est id accumsan maximus. Nulla et lacus a felis euismod laoreet eu et dui. In a tempor tortor. Praesent lacus lectus, dignissim quis ipsum sed, laoreet eleifend risus. Ut lobortis lorem vel pellentesque interdum. Orci varius natoque penatibus et magnis dis parturient montes, nascetur ridiculus mus. Vivamus eleifend metus in nisi auctor molestie. Nullam non dolor augue. Proin convallis auctor massa id gravida. Aenean lobortis velit velit, ac bibendum metus tristique ut. Maecenas pellentesque semper nunc sed feugiat. Mauris scelerisque turpis felis, vel porttitor leo facilisis quis. Morbi aliquam sem a justo pretium feugiat.',1,1,'images/ts_1690303896350_camping.avif',1,0,'2023-06-21 20:02:00','2023-07-25 18:51:36',1,'21 June | 2023'),(13,',admin1','Camping in forest - Lorem ipsum dolor sit amet, consectetur adipiscing elit. Sed vehicula est id accumsan maximus.','Lorem ipsum dolor sit amet, consectetur adipiscing elit. Sed vehicula est id accumsan maximus. Nulla et lacus a felis euismod laoreet eu et dui. In a tempor to ','Lorem ipsum dolor sit amet, consectetur adipiscing elit. Sed vehicula est id accumsan maximus. Nulla et lacus a felis euismod laoreet eu et dui. In a tempor tortor. Praesent lacus lectus, dignissim quis ipsum sed, laoreet eleifend risus. Ut lobortis lorem vel pellentesque interdum. Orci varius natoque penatibus et magnis dis parturient montes, nascetur ridiculus mus. Vivamus eleifend metus in nisi auctor molestie. Nullam non dolor augue. Proin convallis auctor massa id gravida. Aenean lobortis velit velit, ac bibendum metus tristique ut. Maecenas pellentesque semper nunc sed feugiat. Mauris scelerisque turpis felis, vel porttitor leo facilisis quis. Morbi aliquam sem a justo pretium feugiat.',1,1,'images/ts_1690303908739_camping_in_forest.avif',1,1,'2023-06-20 19:01:00','2023-07-25 18:51:49',2,'20 June | 2023'),(14,',admin1','Automotive - Donec tristique elementum dui sit amet placerat. Vestibulum auctor mauris nec leo','Orci varius natoque penatibus et magnis dis parturient montes, nascetur ridiculus mus. Vivamus eleifend metus in nisi auctor molestie. Nullam n','liquam arcu eros, euismod et magna quis, dictum lacinia dolor. Nam eget tempor lacus. Integer elit leo, luctus nec magna quis, varius feugiat metus. Nullam nec tellus laoreet, pharetra massa sed, consequat leo. Donec eros justo, porttitor eget nunc eleifend, tristique elementum tellus. Sed pharetra, nisl eu bibendum varius, mi elit gravida nulla, at faucibus odio massa vel dolor. Praesent feugiat quam magna, sed auctor mi posuere in. Mauris at dictum velit, sed suscipit nunc. Vivamus sit amet dictum elit, nec mollis massa. Mauris et ligula vitae eros ultricies interdum sed a ipsum. Donec tristique elementum dui sit amet placerat. Vestibulum auctor mauris nec leo sollicitudin, vitae porttitor nibh accumsan. Nullam at nibh in leo maximus maximus et a odio.',1,1,'images/ts_1690303915370_Automotive_-_Donec_tristique_elementum_dui_sit_.avif',3,0,'2023-06-19 17:05:00','2023-07-25 18:51:55',2,'19 June | 2023'),(15,',admin1','Summer vacation - Lorem ipsum dolor sit amet, consectetur adipiscing elit. Ma urna ligula hendrerit nibh','Lorem ipsum dolor sit amet, consectetur adipiscing elit. Aliquam semper ipsum sit amet blandit ornare. Nullam quam odio, ornare vel suscipit eu, elementum posuere nisi. Maecenas mattis ornare leo sed','Lorem ipsum dolor sit amet, consectetur adipiscing elit. Maecenas ultrices, justo vel imperdiet gravida, urna ligula hendrerit nibh, ac cursus nibh sapien in purus. Mauris tincidunt tincidunt turpis in porta. Integer fermentum tincidunt auctor. Vestibulum ullamcorper, odio sed rhoncus imperdiet, enim elit sollicitudin orci, eget dictum leo mi nec lectus. Nam commodo turpis id lectus scelerisque vulputate. Integer sed dolor erat. Fusce erat ipsum, varius vel euismod sed, tristique et lectus? Etiam egestas fringilla enim, id convallis lectus laoreet at. Fusce purus nisi, gravida sed consectetur ut, interdum quis nisi. Quisque egestas nisl id lectus facilisis scelerisque?',1,1,'images/ts_1690303922740_summer_vacation_-_loerm_ispum_dolor_sit_amet.avif',2,0,'2023-06-28 01:21:00','2023-07-25 18:52:03',5,'28 June | 2023'),(16,',admin1','Photos  - Ut rhoncus metus in semper pretium. Ut sed enim urna. Morbi at cursus neque. ','Proin dapibus fermentum nulla, quis congue purus volutpat vitae. In finibus massa mi. \r\n\r\n',' Lorem ipsum dolor sit amet, consectetur adipiscing elit. Suspendisse ante dolor, tristique et mi fermentum, semper tincidunt quam. \r\nc porttitor magna euismod. Duis fermentum augue semper turpis lacinia mollis. Praesent eu odio eleifend, rutrum mi in, facilisis libero. Nam ultricies, velit molestie mollis semper, risus ipsum sollicitudin tortor, sit amet mollis dui magna nec magna. Curabitur at mi iaculis, fringilla massa a, molestie nunc. Pellentesque a mi quis ipsum mattis ornare. Pellentesque habitant morbi tristique senectus et netus et malesuada fames ac turpis egestas. Suspendisse dapibus egestas mauris, sed rutrum eros mattis a. Ut augue enim, sollicitudin mollis diam a, semper vehicula metus. Maecenas non blandit ante, pretium pellentesque ipsum. Pellentesque vel urna luctus, accumsan tortor sit amet, cursus nunc.\r\n\r\nProin dapibus fermentum nulla, quis congue purus volutpat vitae. In finibus massa mi. Vestibulum ante ipsum primis in faucibus orci luctus et ultrices posuere cubilia curae; Ut rhoncus metus in semper pretium. Ut sed enim urna. Morbi at cursus neque. Vivamus pretium a diam vitae interdum.\r\n\r\nNulla sed ultrices mauris. Pellentesque blandit nibh vitae orci molestie tristique. Duis eu lacinia purus. Curabitur elementum tellus vitae mauris malesuada sollicitudin. Maecenas molestie pharetra erat, vitae ultrices leo. Sed tristique nunc a malesuada ornare. Aenean mattis felis lacus, sit amet rutrum lectus gravida at. Nam sit amet gravida sem, id ullamcorper ipsum. Ut quis mi blandit, viverra ipsum at, feugiat lorem. ',0,1,'images/ts_1690303930358_photos.jpeg',1,0,'2023-06-28 17:32:00','2023-07-25 18:52:10',4,'28 June | 2023'),(17,',admin1','Tenis - Donec vulputate mauris sed blandit placerat. Mauris commodo, lectus id iaculis placerat, mauris elit luctus diam, quis viverra lorem tortor in nulla. ','Wimbledon psum dolor sit amet, consectetur adipiscing elit. Aliquam semper ipsum sit amet blandit ornare. Nullam quam odio, ornare vel suscipit eu, elementum posuere nisi. Maecenas mattis ornare leo sed','Lorem ipsum dolor sit amet, consectetur adipiscing elit. Donec vulputate mauris sed blandit placerat. Mauris commodo, lectus id iaculis placerat, mauris elit luctus diam, quis viverra lorem tortor in nulla. Vivamus accumsan ut lorem id ultrices. Integer et feugiat magna. Curabitur imperdiet ligula eget ante pellentesque, sed hendrerit mauris feugiat. Fusce convallis magna vitae massa gravida pretium. Sed lobortis imperdiet erat, a volutpat purus lacinia a. Nulla eget nunc mi. Vestibulum ante ipsum primis in faucibus orci luctus et ultrices posuere cubilia curae; Praesent volutpat, est quis dapibus sollicitudin, risus dolor dapibus sem, ut tincidunt lacus urna ac nisi. Cras cursus consectetur sapien, at rutrum ex efficitur at. Morbi porta tellus sed magna posuere, in aliquet sem ullamcorper. Nulla posuere luctus lorem non ullamcorper. ',0,1,'images/ts_1690303939737_wibmledon.jpg',1,2,'2023-07-02 21:28:00','2023-07-25 18:52:20',10,'2 July | 2023'),(19,',admin1','E-commerce - Lorem ipsum dolor sit amet, consectetur adipiscing elit. Nullam sed lacus quam. Nullam vel interdum ipsum. ','Lorem ipsum dolor sit amet, consectetur adipiscing elit. Nullam sed lacus quam. Nullam vel interdum ipsum. Etiam fringilla, est sit amet sagittis vestibulum, metus sem lobortis tu','Lorem ipsum dolor sit amet, consectetur adipiscing elit. Nullam sed lacus quam. Nullam vel interdum ipsum. Etiam fringilla, est sit amet sagittis vestibulum, metus sem lobortis tuLorem ipsum dolor sit amet, consectetur adipiscing elit. Nullam sed lacus quam. Nullam vel interdum ipsum. Etiam fringilla, est sit amet sagittis vestibulum, metus sem lobortis tuLorem ipsum dolor sit amet, consectetur adipiscing elit. Nullam sed lacus quam. Nullam vel interdum ipsum. Etiam fringilla, est sit amet sagittis vestibulum, metus sem lobortis tuLorem ipsum dolor sit amet, consectetur adipiscing elit. Nullam sed lacus quam. Nullam vel interdum ipsum. Etiam fringilla, est sit amet sagittis vestibulum, metus sem lobortis tuLorem ipsum dolor sit amet, consectetur adipiscing elit. Nullam sed lacus quam. Nullam vel interdum ipsum. Etiam fringilla, est sit amet sagittis vestibulum, metus sem lobortis tu\r\nLorem ipsum dolor sit amet, consectetur adipiscing elit. Nullam sed lacus quam. Nullam vel interdum ipsum. Etiam fringilla, est sit amet sagittis vestibulum, metus sem lobortis tuLorem ipsum dolor sit amet, consectetur adipiscing elit. Nullam sed lacus quam. Nullam vel interdum ipsum. Etiam fringilla, est sit amet sagittis vestibulum, metus sem lobortis tuLorem ipsum dolor sit amet, consectetur adipiscing elit. Nullam sed lacus quam. Nullam vel interdum ipsum. Etiam fringilla, est sit amet sagittis vestibulum, metus sem lobortis tu\r\nLorem ipsum dolor sit amet, consectetur adipiscing elit. Nullam sed lacus quam. Nullam vel interdum ipsum. Etiam fringilla, est sit amet sagittis vestibulum, metus sem lobortis tu\r\nLorem ipsum dolor sit amet, consectetur adipiscing elit. Nullam sed lacus quam. Nullam vel interdum ipsum. Etiam fringilla, est sit amet sagittis vestibulum, metus sem lobortis tu\r\nLorem ipsum dolor sit amet, consectetur adipiscing elit. Nullam sed lacus quam. Nullam vel interdum ipsum. Etiam fringilla, est sit amet sagittis vestibulum, metus sem lobortis tuLorem ipsum dolor sit amet, consectetur adipiscing elit. Nullam sed lacus quam. Nullam vel interdum ipsum. Etiam fringilla, est sit amet sagittis vestibulum, metus sem lobortis tuLorem ipsum dolor sit amet, consectetur adipiscing elit. Nullam sed lacus quam. Nullam vel interdum ipsum. Etiam fringilla, est sit amet sagittis vestibulum, metus sem lobortis tuLorem ipsum dolor sit amet, consectetur adipiscing elit. Nullam sed lacus quam. Nullam vel interdum ipsum. Etiam fringilla, est sit amet sagittis vestibulum, metus sem lobortis tu',1,1,'images/ts_1690303956430_e-commerce.webp',1,0,'2023-07-02 21:34:00','2023-07-25 18:52:36',15,'2 July | 2023'),(20,',admin1','Computer hardware - Etiam fringilla, est sit amet sagittis vestibulum, metus sem est sit amet sagittis vestibulum','orem ipsum dolor sit amet, consectetur adipiscing elit. Nullam sed lacus quam. Nullam vel interdum ipsum. Etiam fringilla, est sit amet sagittis vestibulum, metus sem ','orem ipsum dolor sit amet, consectetur adipiscing elit. Nullam sed lacus quam. Nullam vel interdum ipsum. Etiam fringilla, est sit amet sagittis vestibulum, metus sem lobortis turpis, ac molestie metus ligula vel diam. Nulla tortor elit, vehicula ac ante eget, placerat condimentum nisl. Ut aliquet nec eros sit amet hendrerit. Vestibulum a mi velit. Vestibulum vel congue mauris. Morbi luctus auctor tristique. Integer suscipit pretium urna eu congue.\r\n\r\nAenean semper nibh eu est malesuada vestibulum. Praesent sit amet varius lorem. Fusce volutpat quam eu sagittis vestibulum. Quisque eu justo nulla. Etiam efficitur turpis velit, eu consectetur nunc pretium a. Maecenas ac metus aliquam, porta risus et, euismod nulla. Phasellus tristique rhoncus erat, nec gravida eros pellentesque non.\r\n\r\nSed viverra nisi eget mauris sollicitudin tempor. Quisque sit amet nisi orci. Vestibulum lobortis vitae orci non condimentum. Nulla sit amet augue vel nisi vehicula malesuada. Fusce eleifend dolor diam. Donec et malesuada massa, quis condimentum massa. Aliquam ut eleifend enim, vitae ultricies diam. ',1,0,'images/ts_1690303994780_computer-hardware2.webp',0,0,'2023-07-02 22:09:00','2023-07-25 18:53:15',1,'2 July | 2023'),(21,',admin1','Programming - Etiam fringilla, est sit amet sagittis vestibulum, metus sem ','Lorem ipsum dolor sit amet, consectetur adipiscing elit. Nullam sed lacus quam. Nullam vel interdum ipsum. Etiam fringilla, est sit amet sagittis vestibulum, metus sem lobortis turpis','\r\n\r\nLorem ipsum dolor sit amet, consectetur adipiscing elit. Nullam sed lacus quam. Nullam vel interdum ipsum. Etiam fringilla, est sit amet sagittis vestibulum, metus sem lobortis turpis, ac molestie metus ligula vel diam. Nulla tortor elit, vehicula ac ante eget, placerat condimentum nisl. Ut aliquet nec eros sit amet hendrerit. Vestibulum a mi velit. Vestibulum vel congue mauris. Morbi luctus auctor tristique. Integer suscipit pretium urna eu congue.\r\n\r\nAenean semper nibh eu est malesuada vestibulum. Praesent sit amet varius lorem. Fusce volutpat quam eu sagittis vestibulum. Quisque eu justo nulla. Etiam efficitur turpis velit, eu consectetur nunc pretium a. Maecenas ac metus aliquam, porta risus et, euismod nulla. Phasellus tristique rhoncus erat, nec gravida eros pellentesque non.\r\n\r\nSed viverra nisi eget mauris sollicitudin tempor. Quisque sit amet nisi orci. Vestibulum lobortis vitae orci non condimentum. Nulla sit amet augue vel nisi vehicula malesuada. Fusce eleifend dolor diam. Donec et malesuada massa, quis condimentum massa. Aliquam ut eleifend enim, vitae ultricies diam.\r\n\r\nUt lorem lorem, mollis non eros blandit, pretium congue mi. Sed et sodales felis. Class aptent taciti sociosqu ad litora torquent per conubia nostra, per inceptos himenaeos. Curabitur ut ex porttitor, aliquet libero nec, tempor risus. Aliquam rhoncus lectus augue, sed bibendum nunc ornare id. Ut ultricies rutrum lorem et sollicitudin. Morbi ligula arcu, ornare vitae efficitur vitae, pharetra eget dui. Cras id egestas sapien. Nulla mauris ipsum, imperdiet maximus nisl ut, pharetra pulvinar diam.\r\n\r\nVestibulum nulla ante, fringilla ut elementum eu, pellentesque at metus. In hac habitasse platea dictumst. Nulla ullamcorper ut ex vel sagittis. Sed sit amet ligula suscipit, cursus libero quis, lacinia ligula. Vivamus fringilla pulvinar pretium. Fusce facilisis sem in hendrerit tempus. Duis molestie nulla dolor, nec dictum mauris feugiat vel. Nam ultricies metus eu auctor varius. Mauris lacus magna, accumsan a rhoncus in, aliquam id orci. Cras venenatis turpis a nunc venenatis viverra. Maecenas gravida porta orci quis facilisis. Fusce ultrices diam sit amet dictum commodo. Donec sollicitudin magna sit amet arcu volutpat, ut dignissim eros facilisis. ',1,1,'images/ts_1690304001941_programming.jpg',1,0,'2023-07-02 22:09:00','2023-07-25 18:53:22',12,'2 July | 2023'),(25,',admin1','Graphic cards are on wholesale - Nullam sed lacus quam. Nullam vel interdum ipsum. Etiam fringilla','Contrary to popular belief, Lorem Ipsum is not simply random text. It has roots in a piece of classical Latin literature from 45 BC, making  ','Contrary to popular belief, Lorem Ipsum is not simply random text. It has roots in a piece of classical Latin literature from 45 BC, making it over 2000 years old. Richard McClintock, a Latin professor at Hampden-Sydney College in Virginia, looked up one of the more obscure Latin words, consectetur, from a Lorem Ipsum passage, and going through the cites of the word in classical literature, discovered the undoubtable source. Lorem Ipsum comes from sections 1.10.32 and 1.10.33 of \"de Finibus Bonorum et Malorum\" (The Extremes of Good and Evil) by Cicero, written in 45 BC. This book is a treatise on the theory of ethics, very popular during the Renaissance. The first line of Lorem Ipsum, \"Lorem ipsum dolor sit amet..\", comes from a line in section 1.10.32\r\n\r\nContrary to popular belief, Lorem Ipsum is not simply random text. It has roots in a piece of classical Latin literature from 45 BC, making it over 2000 years old. Richard McClintock, a Latin professor at Hampden-Sydney College in Virginia, looked up one of the more obscure Latin words, consectetur, from a Lorem Ipsum passage, and going through the cites of the word in classical literature, discovered the undoubtable source. Lorem Ipsum comes from sections 1.10.32 and 1.10.33 of \"de Finibus Bonorum et Malorum\" (The Extremes of Good and Evil) by Cicero, written in 45 BC. This book is a treatise on the theory of ethics, very popular during the Renaissance. The first line of Lorem Ipsum, \"Lorem ipsum dolor sit amet..\", comes from a line in section 1.10.32\r\nContrary to popular belief, Lorem Ipsum is not simply random text. It has roots in a piece of classical Latin literature from 45 BC, making it over 2000 years old. Richard McClintock, a Latin professor at Hampden-Sydney College in Virginia, looked up one of the more obscure Latin words, consectetur, from a Lorem Ipsum passage, and going through the cites of the word in classical literature, discovered the undoubtable source. Lorem Ipsum comes from sections 1.10.32 and 1.10.33 of \"de Finibus Bonorum et Malorum\" (The Extremes of Good and Evil) by Cicero, written in 45 BC. This book is a treatise on the theory of ethics, very popular during the Renaissance. The first line of Lorem Ipsum, \"Lorem ipsum dolor sit amet..\", comes from a line in section 1.10.32\r\nContrary to popular belief, Lorem Ipsum is not simply random text. It has roots in a piece of classical Latin literature from 45 BC, making it over 2000 years old. Richard McClintock, a Latin professor at Hampden-Sydney College in Virginia, looked up one of the more obscure Latin words, consectetur, from a Lorem Ipsum passage, and going through the cites of the word in classical literature, discovered the undoubtable source. Lorem Ipsum comes from sections 1.10.32 and 1.10.33 of \"de Finibus Bonorum et Malorum\" (The Extremes of Good and Evil) by Cicero, written in 45 BC. This book is a treatise on the theory of ethics, very popular during the Renaissance. The first line of Lorem Ipsum, \"Lorem ipsum dolor sit amet..\", comes from a line in section 1.10.32',0,1,'images/ts_1690304009519_nvidia-rtx-4090-ti-release-date-price-specs-benchmarks.jpg',1,4,'2023-07-02 22:18:00','2023-07-25 18:53:30',13,'2 July | 2023'),(26,',admin1','Star wars new movie announcement - Lorem Ipsum is simply dummy text of the printing and typesetting industry','Lorem Ipsum is simply dummy text of the printing and typesetting industry. Lorem  ','Lorem Ipsum is simply dummy text of the printing and typesetting industry. Lorem Ipsum has been the industry\'s standard dummy text ever since the 1500s, when an unknown printer took a galley of type and scrambled it to make a type specimen book. It has survived not only five centuries, but also the leap into electronic typesetting, remaining essentially unchanged. It was popularised in the 1960s with the release of Letraset\r\n\r\nLorem Ipsum is simply dummy text of the printing and typesetting industry. Lorem Ipsum has been the industry\'s standard dummy text ever since the 1500s, when an unknown printer took a galley of type and scrambled it to make a type specimen book. It has survived not only five centuries, but also the leap into electronic typesetting, remaining essentially unchanged. It was popularised in the 1960s with the release of Letraset\r\nLorem Ipsum is simply dummy text of the printing and typesetting industry. Lorem Ipsum has been the industry\'s standard dummy text ever since the 1500s, when an unknown printer took a galley of type and scrambled it to make a type specimen book. It has survived not only five centuries, but also the leap into electronic typesetting, remaining essentially unchanged. It was popularised in the 1960s with the release of Letraset\r\n\r\nLorem Ipsum is simply dummy text of the printing and typesetting industry. Lorem Ipsum has been the industry\'s standard dummy text ever since the 1500s, when an unknown printer took a galley of type and scrambled it to make a type specimen book. It has survived not only five centuries, but also the leap into electronic typesetting, remaining essentially unchanged. It was popularised in the 1960s with the release of Letraset',1,1,'images/ts_1690304018153_star-wars.jpg',1,2,'2023-07-02 23:47:00','2023-07-25 18:53:38',14,'2 July | 2023'),(27,',admin1','Spain -Lorem Ipsum is simply dummy text of the printing and typesetting industry','Lorem ipsum dolor sit amet, consectetur adipiscing elit. Etiam et tellus sapien. Cras elementum pulvinar erat, vel facilisis nibh finibus id. Sed ullamcorper turpis et tincidun',' Lorem ipsum dolor sit amet, consectetur adipiscing elit. Etiam et tellus sapien. Cras elementum pulvinar erat, vel facilisis nibh finibus id. Sed ullamcorper turpis et tincidunt varius. Ut nec quam eget risus fermentum ultrices. Quisque nisi dolor, dapibus vel ultricies id, ultrices vel turpis. Ut dictum nulla eu luctus imperdiet. Vestibulum malesuada, elit a sodales auctor, tortor lectus vulputate leo, ac posuere ante nibh vel lectus. Nam vulputate, dolor in dignissim vehicula, tellus erat tempor risus, eu molestie metus massa non nisl. Vivamus a gravida massa, et vulputate nulla.\r\n\r\nSed faucibus id ligula vitae sagittis. Vivamus nunc arcu, sollicitudin vel imperdiet vitae, viverra at enim. Quisque vel faucibus sapien, in pellentesque ex. Nullam vitae consequat tortor, vel consectetur ipsum. Etiam eget imperdiet sapien. Curabitur quis tortor eu nisl rutrum ornare. Praesent at libero leo. Nunc vitae tempor risus. Curabitur bibendum sagittis sem nec condimentum.\r\n\r\nInteger tincidunt tellus vestibulum turpis feugiat vestibulum. Nullam nec vehicula risus. Nunc rhoncus consectetur arcu, id bibendum velit pulvinar a. Nunc consectetur dui quam. Pellentesque euismod congue mauris, et elementum ante. Nam lobortis ligula et rutrum viverra. Nulla maximus purus in bibendum sagittis. Nam laoreet gravida libero, sed porta nisi aliquam eget. Vivamus pretium id est quis blandit.\r\n\r\nProin facilisis dui quis velit mollis, eget convallis purus sodales. Mauris congue faucibus metus, sit amet egestas tortor lobortis id. Sed quis arcu metus. Proin porta dui augue, ac sodales turpis pretium iaculis. Morbi nec vulputate odio. Integer faucibus rhoncus lectus id tristique. Donec bibendum iaculis mi, nec sollicitudin erat malesuada et. Donec vitae varius lacus. Pellentesque massa velit, iaculis scelerisque mollis sed, sollicitudin sit amet risus. Cras sem orci, auctor at mollis nec, eleifend eu turpis. Praesent libero augue, tincidunt non lacus non, volutpat ultricies nibh. Maecenas consequat vel ex eu sodales. Praesent finibus nisi dolor, eu condimentum orci porttitor at. Etiam quis vulputate ligula, ut scelerisque lorem. ',1,1,'images/ts_1690304029680_spain-lorem-ipsum-is.jpg',1,3,'2023-07-03 18:51:00','2023-07-25 18:53:50',2,'3 July | 2023'),(29,',admin1','Summer vacation in Spain - Lorem Ipsum is simply dummy text of the printing and typesetting industry',' Sed faucibus id ligula vitae sagittis. Vivamus nunc arcu, sollicitudin vel imperdiet vitae, viverra at enim. Quisque vel faucibus sapien, in pellentesque ex.  ',' Sed faucibus id ligula vitae sagittis. Vivamus nunc arcu, sollicitudin vel imperdiet vitae, viverra at enim. Quisque vel faucibus sapien, in pellentesque ex. Nullam vitae consequat tortor, vel consectetur ipsum. Etiam eget imperdiet sapien. Curabitur quis tortor eu nisl rutrum ornare. Praesent at libero leo. Nunc vitae tempor risus. Curabitur bibendum sagittis sem nec condimentum.\r\n\r\nInteger tincidunt tellus vestibulum turpis feugiat vestibulum. Nullam nec vehicula risus. Nunc rhoncus consectetur arcu, id bibendum velit pulvinar a. Nunc consectetur dui quam. Pellentesque euismod congue mauris, et elementum ante. Nam lobortis ligula et rutrum viverra. Nulla maximus purus in bibendum sagittis. Nam laoreet gravida libero, sed porta nisi aliquam eget. Vivamus pretium id est quis blandit.\r\n\r\nProin facilisis dui quis velit mollis, eget convallis purus sodales. Mauris congue faucibus metus, sit amet egestas tortor lobortis id. Sed quis arcu metus. Proin porta dui augue, ac sodales turpis pretium iaculis. Morbi nec vulputate odio. Integer faucibus rhoncus lectus id tristique. Donec bibendum iaculis mi, nec sollicitudin erat malesuada et. Donec vitae varius lacus. Pellentesque massa velit, iaculis scelerisque mollis sed, sollicitudin sit amet risus. Cras sem orci, auctor at mollis nec, eleifend eu turpis. Praesent libero augue, tincidunt non lacus non, volutpat ultricies nibh. Maecenas consequat vel ex eu sodales. Praesent finibus nisi dolor, eu condimentum orci porttitor at. Etiam quis vulputate ligula, ut scelerisque lorem. \r\n Sed faucibus id ligula vitae sagittis. Vivamus nunc arcu, sollicitudin vel imperdiet vitae, viverra at enim. Quisque vel faucibus sapien, in pellentesque ex. Nullam vitae consequat tortor, vel consectetur ipsum. Etiam eget imperdiet sapien. Curabitur quis tortor eu nisl rutrum ornare. Praesent at libero leo. Nunc vitae tempor risus. Curabitur bibendum sagittis sem nec condimentum.\r\n\r\nInteger tincidunt tellus vestibulum turpis feugiat vestibulum. Nullam nec vehicula risus. Nunc rhoncus consectetur arcu, id bibendum velit pulvinar a. Nunc consectetur dui quam. Pellentesque euismod congue mauris, et elementum ante. Nam lobortis ligula et rutrum viverra. Nulla maximus purus in bibendum sagittis. Nam laoreet gravida libero, sed porta nisi aliquam eget. Vivamus pretium id est quis blandit.\r\n\r\nProin facilisis dui quis velit mollis, eget convallis purus sodales. Mauris congue faucibus metus, sit amet egestas tortor lobortis id. Sed quis arcu metus. Proin porta dui augue, ac sodales turpis pretium iaculis. Morbi nec vulputate odio. Integer faucibus rhoncus lectus id tristique. Donec bibendum iaculis mi, nec sollicitudin erat malesuada et. Donec vitae varius lacus. Pellentesque massa velit, iaculis scelerisque mollis sed, sollicitudin sit amet risus. Cras sem orci, auctor at mollis nec, eleifend eu turpis. Praesent libero augue, tincidunt non lacus non, volutpat ultricies nibh. Maecenas consequat vel ex eu sodales. Praesent finibus nisi dolor, eu condimentum orci porttitor at. Etiam quis vulputate ligula, ut scelerisque lorem. ',1,1,'images/ts_1690304036928_summer-vacation_in_spain.webp',1,5,'2023-07-03 19:02:00','2023-07-25 18:53:57',5,'3 July | 2023'),(30,',admin1','Bitcoin - future of money - Lorem Ipsum is simply dummy text of the printing and typesetting industry',' Lorem ipsum dolor sit amet, consectetur adipiscing elit. Ut ut massa nec turpis ullamcorper pulvinar. Nulla purus orci, blandit id tortor eu, euismod pharetra mauris. Praesent in ligula sagittis orci rutrum fringilla.','Lorem ipsum dolor sit amet, consectetur adipiscing elit. Ut ut massa nec turpis ullamcorper pulvinar. Nulla purus orci, blandit id tortor eu, euismod pharetra mauris. Praesent in ligula sagittis orci rutrum fringilla. Duis tincidunt risus non augue consectetur hendrerit. Vestibulum iaculis sem vitae ligula placerat lacinia. Etiam ut ultricies odio. Phasellus porttitor aliquam lectus nec feugiat. Donec laoreet posuere accumsan. Cras viverra porttitor lectus eleifend aliquet. Donec ullamcorper tortor felis, at cursus dui aliquet vel. Phasellus at erat ac odio accumsan posuere. Aliquam eget nibh imperdiet enim vehicula porttitor sed at eros. Vestibulum facilisis rutrum viverra. Proin massa augue, porttitor et cursus nec, ornare quis nunc. Maecenas ornare felis tellus, sed aliquet ipsum vulputate at.\r\n\r\nDonec in bibendum ligula, ut bibendum erat. Aliquam vitae lacus vitae enim rhoncus dignissim non eu elit. In hac habitasse platea dictumst. Suspendisse hendrerit, urna at dignissim pellentesque, risus arcu lobortis lacus, id varius est velit ut leo. Aenean ultricies enim augue, ac vulputate ex interdum lacinia. Sed vel malesuada enim. Nunc sit amet libero nec tortor aliquam interdum. Curabitur sollicitudin, mi in congue pharetra, felis risus pulvinar est, vel ultricies nibh sapien et sem. Nulla condimentum vitae justo consectetur venenatis. Fusce laoreet purus et tortor pulvinar porta. Maecenas interdum orci in ante condimentum mattis. Nulla sollicitudin dui vel sapien ullamcorper fermentum. Pellentesque at magna posuere, aliquam velit venenatis, egestas nunc. Morbi pellentesque, felis quis semper condimentum, dui neque aliquet ipsum, eget commodo odio nunc eu nisl. Morbi bibendum interdum odio eget scelerisque. Nam convallis posuere justo id sollicitudin.\r\n\r\nAliquam tincidunt rhoncus odio, at fermentum sapien suscipit in. Nunc elementum feugiat elit in vestibulum. Vivamus volutpat urna eu massa egestas faucibus. Proin eu lectus a tortor condimentum semper. Quisque dapibus, diam sed ultrices pretium, nisl ipsum pulvinar lectus, vel dignissim ligula ligula in sapien. Maecenas facilisis malesuada bibendum. Fusce ac arcu purus. Integer consequat consequat risus nec dictum. Sed pretium justo arcu. In hac habitasse platea dictumst.\r\n\r\nQuisque mattis, dolor non luctus varius, eros velit faucibus purus, sed vehicula dolor ex nec nulla. Mauris tellus magna, viverra quis molestie vitae, mollis non elit. Nullam mattis lacus iaculis, vestibulum leo at, luctus leo. Nullam a libero nec velit vulputate ultricies et pretium metus. In lacinia quam sed augue posuere, non elementum mi consectetur. Nam dui dolor, scelerisque a eros sed, molestie auctor diam. Nam porta facilisis tincidunt.\r\n\r\nAenean volutpat consectetur rhoncus. Integer vulputate suscipit dictum. Vestibulum ante ipsum primis in faucibus orci luctus et ultrices posuere cubilia curae; Aliquam ac euismod metus. Donec sit amet ipsum odio. Nunc finibus lectus at dui tincidunt blandit. Aenean facilisis ligula massa, vel porta eros iaculis sed. Praesent vitae mollis libero, vel viverra lorem. Nam velit arcu, finibus non justo sed, tristique lobortis eros. Phasellus id ipsum maximus tortor tempus imperdiet. Vestibulum velit eros, laoreet ut lacus nec, hendrerit aliquam nibh. Vivamus tempor tincidunt malesuada. Morbi rhoncus commodo euismod. Nullam id orci libero. Ut augue purus, euismod vitae sem quis, pulvinar molestie ante. ',1,1,'images/ts_1690304047218_bitcoin.jpg',2,7,'2023-07-10 21:46:00','2023-07-25 18:54:07',11,'10 July | 2023'),(31,',admin1','Ethereum monetary policy - Lorem Ipsum is simply dummy text of the printing and typesetting industry','Lorem ipsum dolor sit amet, consectetur adipiscing elit. Ut ut massa nec turpis ullamcorper pulvinar. Nulla purus orci, blandit id tortor eu, euismod pharetra mauris. ','orem ipsum dolor sit amet, consectetur adipiscing elit. Aliquam ultricies sodales urna sit amet posuere. Nullam fermentum dolor eget lorem blandit, vel tristique augue lobortis. Nulla sagittis velit ut vulputate molestie. Vestibulum ante ipsum primis in faucibus orci luctus et ultrices posuere cubilia curae; Fusce hendrerit vitae ante nec pretium. Curabitur augue risus, consectetur vitae justo quis, ornare pulvinar turpis. Phasellus in congue neque, in eleifend est. Integer sodales magna in sapien porttitor, varius venenatis ante mattis. In nec mauris eleifend, imperdiet lorem a, ornare diam. In consequat et dolor a pretium. Sed consequat elit id mi dignissim, quis efficitur mauris rutrum.\r\n\r\nNam fringilla, urna ut luctus vestibulum, leo mi pellentesque urna, vulputate lacinia metus libero vel nibh. Donec semper lacinia libero, vitae iaculis mauris faucibus sed. Class aptent taciti sociosqu ad litora torquent per conubia nostra, per inceptos himenaeos. Curabitur a orci quam. Aliquam fermentum tincidunt mauris ac mattis. Nam pretium maximus diam, eget convallis felis iaculis eget. Mauris neque justo, blandit at urna ac, scelerisque fermentum leo. Cras egestas id diam sit amet hendrerit.\r\n\r\nMaecenas auctor, purus a porta gravida, dolor odio tempor turpis, sit amet faucibus libero nibh ac libero. Sed pellentesque nibh id neque convallis, vitae ornare diam ultricies. Suspendisse in dolor nunc. Donec dapibus finibus neque, in sodales augue aliquet sit amet. Morbi scelerisque, est at faucibus ultricies, nulla ante accumsan sem, ut venenatis libero orci in erat. Maecenas auctor a dui eu scelerisque. Integer pellentesque elit ligula, nec lacinia tellus vestibulum id. Nulla ac vulputate justo, quis egestas magna. Maecenas id tempor nulla. Praesent eu luctus metus.\r\n\r\nMorbi sollicitudin ornare bibendum. Aenean malesuada nibh ligula, eu rutrum massa sollicitudin at. In eleifend odio in fringilla venenatis. Ut magna diam, tincidunt vel blandit eget, semper ut risus. Pellentesque habitant morbi tristique senectus et netus et malesuada fames ac turpis egestas. Nunc eget placerat nibh. Orci varius natoque penatibus et magnis dis parturient montes, nascetur ridiculus mus. Fusce condimentum dignissim velit id ornare. Sed hendrerit leo at elit egestas ultrices. Etiam posuere tellus quis orci consequat efficitur. Donec ac facilisis neque, quis tempor elit. Mauris euismod sodales pellentesque.\r\n\r\nVivamus sit amet ultrices lacus. Praesent tortor leo, vestibulum et ultrices eget, tincidunt ac ligula. Etiam bibendum ex ut congue viverra. Suspendisse lorem elit, commodo ut mattis congue, elementum quis dolor. Quisque id sodales augue. Proin tincidunt nunc sed nisl gravida, ac sodales nunc efficitur. Vestibulum et ante at nisl cursus ullamcorper. Mauris sit amet metus ut tortor euismod facilisis. Vivamus eu tristique turpis, sit amet aliquam odio. Cras at condimentum elit. Praesent tempor euismod nulla vel vulputate. Etiam vitae lacinia purus, id pellentesque sapien. Ut rutrum massa a nisi pretium iaculis. Duis pulvinar quam id volutpat elementum. Duis id odio a urna fringilla egestas. Suspendisse nisi dui, bibendum quis nisi nec, molestie mollis nulla.\r\n\r\nIn eleifend eleifend quam, in elementum mauris mattis a. Integer tristique id sapien quis dictum. In hac habitasse platea dictumst. Curabitur sed commodo urna. Nullam bibendum semper neque, eget mattis est ultricies at. Ut vel lobortis nisl. Mauris a lacus euismod, eleifend nisi eget, convallis ex. Proin ullamcorper lectus quis tincidunt consequat. Quisque vitae sagittis quam. Cras malesuada id tortor vel congue. Phasellus ultricies auctor orci. Sed posuere sodales nisi vestibulum sollicitudin. Proin sollicitudin pellentesque urna in pharetra.\r\n\r\nLorem ipsum dolor sit amet, consectetur adipiscing elit. Mauris eu ante egestas, sodales ipsum a, aliquam nisl. Donec luctus posuere suscipit. Pellentesque rhoncus malesuada ex eu porta. Quisque eget iaculis tortor. Fusce dictum lectus et ex hendrerit, eget tempor quam blandit. Donec lacinia eros nec mattis tincidunt.\r\n\r\nCurabitur scelerisque elit neque, sit amet imperdiet urna rhoncus ac. Vivamus posuere enim ac imperdiet ornare. Duis ullamcorper rhoncus lectus, vel imperdiet massa sollicitudin vitae. Duis mollis laoreet sollicitudin. Suspendisse ultrices nec tellus et pellentesque. Maecenas interdum metus ut arcu maximus, quis mattis urna fermentum. Fusce ut erat volutpat, vehicula quam quis, hendrerit lacus. Vivamus molestie ligula nec placerat maximus. Maecenas rhoncus lacinia lacus, ac rutrum felis scelerisque sit amet. Donec vitae ultricies libero. Mauris tristique, ante ut aliquam auctor, est justo fermentum elit, eget condimentum tellus ante nec nunc. Maecenas eu mattis dolor. Fusce at purus ut nisl vestibulum ornare. ',1,1,'images/ts_1690304057268_ethereum_tutorial.avif',2,0,'2023-07-10 21:50:00','2023-07-25 18:54:17',11,'10 July | 2023'),(32,',Jovana','Automotive - Proin dapibus risus at ligula lacinia, et congue justo bibendum. Ut eget convallis velit.','us risus at ligula lacinia, et congue juus risus at ligula lacinia, et cong ','us risus at ligula lacinia, et congue juus risus at ligula lacinia, et congue juus risus at ligula lacinia, et congue juus risus at ligula lacinia, et congue juus risus at ligula lacinia, et congue juus risus at ligula lacinia, et congue juus risus at ligula lacinia, et congue juus risus at ligula lacinia, et congue juus risus at ligula lacinia, et congue juus risus at ligula lacinia, et congue ju\r\nus risus at ligula lacinia, et congue juus risus at ligula lacinia, et congue juus risus at ligula lacinia, et congue juus risus at ligula lacinia, et congue juus risus at ligula lacinia, et congue juus risus at ligula lacinia, et congue juus risus at ligula lacinia, et congue juus risus at ligula lacinia, et congue juus risus at ligula lacinia, et congue juus risus at ligula lacinia, et congue ju\r\n\r\nus risus at ligula lacinia, et congue juus risus at ligula lacinia, et congue juus risus at ligula lacinia, et congue juus risus at ligula lacinia, et congue juus risus at ligula lacinia, et congue juus risus at ligula lacinia, et congue juus risus at ligula lacinia, et congue juus risus at ligula lacinia, et congue juus risus at ligula lacinia, et congue ju',0,1,'images/ts_1690304079941_automotive-proin.jpeg',2,1,'2023-07-13 01:43:00','2023-07-25 18:54:40',8,'13 July | 2023'),(33,',Jovana','Computer hardware - Etiam fringilla, est sit amet sagittis vestibulum, metus sem','amet sagittis vestibulum, metus semamet sagittis vestibulum, metus semamet sagittis vestibulum, metus sem','amet sagittis vestibulum, metus semamet sagittis vestibulum, metus semamet sagittis vestibulum, metus semamet sagittis vestibulum, metus semamet sagittis vestibulum, metus semamet sagittis vestibulum, metus semamet sagittis vestibulum, metus semamet sagittis vestibulum, metus semamet sagittis vestibulum, metus sem\r\namet sagittis vestibulum, metus semamet sagittis vestibulum, metus semamet sagittis vestibulum, metus semamet sagittis vestibulum, metus semamet sagittis vestibulum, metus semamet sagittis vestibulum, metus semamet sagittis vestibulum, metus semamet sagittis vestibulum, metus semamet sagittis vestibulum, metus semamet sagittis vestibulum, metus semamet sagittis vestibulum, metus semamet sagittis vestibulum, metus semamet sagittis vestibulum, metus sem',0,1,'images/ts_1690304088215_computer-hardware.webp',3,0,'2023-07-13 01:46:00','2023-07-25 18:54:48',13,'13 July | 2023'),(34,',mirko','Wimbledon - Novak Djokovic win the semi final, next target...?','Lorem ipsum dolor sit amet, consectetur adipiscing elit. Mauris vel vehicula mauris, nec efficitur nisi. Lorem ipsum dolor sit amet, consectetur adipiscing elit. Maecenas cursus, mi nec molestie elementum, augue sem ullamcorper augue, eget dapibus neque nisi vel magna. Aenean ut maximus sapien, nec egestas augue. ','Lorem ipsum dolor sit amet, consectetur adipiscing elit. Mauris vel vehicula mauris, nec efficitur nisi. Lorem ipsum dolor sit amet, consectetur adipiscing elit. Maecenas cursus, mi nec molestie elementum, augue sem ullamcorper augue, eget dapibus neque nisi vel magna. Aenean ut maximus sapien, nec egestas augue. Proin ac enim at magna ultrices iaculis. Nunc posuere sagittis ex, non rhoncus nisi vehicula in. Integer id est ut nunc accumsan elementum. Proin blandit suscipit elit dapibus rutrum. Proin efficitur cursus libero vel pulvinar. Sed volutpat quam ut est convallis pharetra. Interdum et malesuada fames ac ante ipsum primis in faucibus. Nulla eu sapien ipsum. Aliquam eu ante sem. Quisque gravida convallis eros vitae suscipit. Aenean hendrerit dui id lobortis varius.\r\n\r\nFusce a convallis massa. Vivamus sed ultrices risus, vitae ornare turpis. Vestibulum vulputate mauris id quam tristique mattis at sit amet risus. Sed ornare lectus a vestibulum interdum. Etiam vel arcu ut lorem molestie ornare. Cras dui metus, porta at lorem eget, interdum posuere nibh. Praesent sit amet dapibus tellus.\r\n\r\nIn laoreet ullamcorper nulla, ac luctus elit commodo vitae. Aliquam auctor blandit posuere. Nulla et ultricies neque. Class aptent taciti sociosqu ad litora torquent per conubia nostra, per inceptos himenaeos. Mauris tortor nisl, varius a luctus vehicula, vulputate sit amet tortor. Fusce sed mollis eros. Vestibulum at sodales est. Lorem ipsum dolor sit amet, consectetur adipiscing elit.\r\n\r\nNulla facilisi. Proin vitae odio auctor, aliquet ipsum id, posuere felis. Morbi id metus euismod magna tempus maximus a ac neque. Maecenas eget justo rhoncus, ornare ante aliquet, vulputate eros. Sed porttitor aliquet leo, sodales blandit lacus ultricies auctor. Donec finibus congue nibh ut feugiat. Sed in lorem mattis, elementum ante vitae, commodo leo. Nunc quis ipsum at purus rhoncus tristique.\r\n\r\nSed eget urna a diam rutrum porta laoreet ut sapien. Aenean lacinia sagittis luctus. Fusce vitae tempus ante. Fusce rutrum, metus sit amet mattis sodales, sapien libero viverra mauris, ac bibendum risus mauris vel purus. Sed venenatis ultrices porttitor. Praesent elementum neque a erat imperdiet mollis. Mauris laoreet pulvinar eros, dapibus molestie augue suscipit id. Integer non mollis nisl. Nullam bibendum leo nec quam semper, at iaculis purus posuere. Mauris vitae metus erat. Quisque eget molestie purus. Sed a risus ante. Cras ultrices, leo nec posuere ullamcorper, dui neque euismod risus, sit amet porta dolor justo a tortor. Donec aliquam id libero quis lobortis. ',1,1,'images/ts_1690304094728_newFile-2.avif',6,0,'2023-07-14 19:21:00','2023-07-25 18:54:55',9,'14 July | 2023'),(35,',mirko','Karlos Alkaras is the secon finalist - clash of experience and youth follows','Lorem ipsum dolor sit amet, consectetur adipiscing elit. Nullam euismod leo ac sapien efficitur, vitae lacinia elit mattis. Cras feugiat elementum erat, ut condimentum mauris dictum id. In erat enim, viverra sit amet varius et, tincidunt ac enim. Mauris sapien justo, tempus in elementum sodales, placerat id ipsum. Suspendisse potenti',' Sed rhoncus odio non ex pharetra, quis ultrices enim efficitur. Nunc aliquam laoreet ante auctor posuere. Vestibulum mi metus, condimentum a nunc nec, euismod faucibus nibh. Praesent rhoncus mollis ligula, a sollicitudin velit rutrum vel. Ut magna massa, luctus at lorem ut, efficitur sollicitudin felis. Mauris vel tristique urna, sed sodales leo. Sed a cursus massa, sed lobortis quam. Sed et libero a odio ultricies ultrices eget vel augue. Donec libero magna, porttitor at dapibus sit amet, vestibulum sit amet risus. Praesent at maximus massa. Morbi elementum ex ac mi fermentum congue.\r\n\r\nPhasellus at fringilla dolor. Nullam sit amet cursus est. Cras iaculis sodales nulla eu sollicitudin. Integer quis felis augue. Aenean non felis mollis, luctus felis ac, volutpat sapien. In lorem mauris, imperdiet ut lobortis nec, maximus eu justo. Quisque sit amet elit dui. Duis non massa eros. Ut vel erat ut leo finibus pulvinar. Maecenas blandit massa vitae accumsan posuere. Nulla facilisi. Nullam a molestie augue. Pellentesque et posuere purus. Mauris ut quam fermentum, vulputate odio sit amet, ultrices nisl. Morbi fringilla tempus dolor sed ornare.\r\n\r\nEtiam lacinia varius mi, sed efficitur metus cursus vitae. Nunc eleifend diam eget ipsum imperdiet tincidunt. Duis ut nisi consequat, pharetra sem eget, tristique nulla. Curabitur aliquet scelerisque est. In auctor lectus in scelerisque tempus. Proin tempus sodales sem, sit amet porta lectus euismod at. Cras consequat nunc nec feugiat ornare. Etiam ornare libero ac blandit vehicula. Mauris gravida ac diam id laoreet. Phasellus placerat turpis nec nisl euismod, dictum mollis eros efficitur. Aliquam non tortor leo. Cras diam tellus, ornare eget quam vitae, bibendum imperdiet sapien. Phasellus tortor libero, aliquam ut odio bibendum, hendrerit pharetra arcu. Nam auctor porta quam et lacinia.\r\n\r\nInteger tincidunt vehicula dui nec pretium. Mauris malesuada et nibh vitae elementum. Cras iaculis, velit vel convallis fringilla, ex ex dapibus lorem, at cursus metus nulla at sapien. Nulla ipsum metus, imperdiet in lacus vel, consequat vehicula turpis. Vivamus justo dolor, lobortis sed metus quis, pulvinar sagittis lorem. Etiam a dui et augue ornare eleifend. Praesent consectetur quam sed arcu porttitor aliquam. Fusce at ex risus. Pellentesque nec facilisis orci. Cras odio libero, mattis at nisi nec, placerat consequat lorem. Suspendisse eget justo quis eros sodales eleifend at mattis nulla. Cras ac ipsum sit amet magna pretium tincidunt. Nulla cursus, mauris nec rhoncus interdum, sem ipsum auctor ipsum, ut malesuada mi metus id mi. Fusce eu volutpat ante. Quisque eu odio eget odio eleifend tincidunt. Duis finibus odio massa, quis ultricies magna egestas sed. ',0,1,'images/ts_1690304106848_O3BXOKHNZ5KXFBCFWQ7ELL36GE.jpg',2,0,'2023-07-14 20:14:00','2023-07-25 18:55:07',9,'14 July | 2023'),(37,',mirko','Wimbledon 2023: Jabeur, Vondrousova meet in women\'s final ',' Lorem ipsum dolor sit amet, consectetur adipiscing elit. Nullam euismod leo ac sapien efficitur, vitae lacinia elit mattis. Cras feugiat elementum erat',' Lorem ipsum dolor sit amet, consectetur adipiscing elit. Nullam euismod leo ac sapien efficitur, vitae lacinia elit mattis. Cras feugiat elementum erat, ut condimentum mauris dictum id. In erat enim, viverra sit amet varius et, tincidunt ac enim. Mauris sapien justo, tempus in elementum sodales, placerat id ipsum. Suspendisse potenti. Aenean commodo orci neque, luctus rhoncus justo blandit sit amet. Aenean ac ex ut lacus feugiat feugiat placerat eu libero. Suspendisse ultricies risus eget nibh dictum facilisis.\r\n\r\nSed rhoncus odio non ex pharetra, quis ultrices enim efficitur. Nunc aliquam laoreet ante auctor posuere. Vestibulum mi metus, condimentum a nunc nec, euismod faucibus nibh. Praesent rhoncus mollis ligula, a sollicitudin velit rutrum vel. Ut magna massa, luctus at lorem ut, efficitur sollicitudin felis. Mauris vel tristique urna, sed sodales leo. Sed a cursus massa, sed lobortis quam. Sed et libero a odio ultricies ultrices eget vel augue. Donec libero magna, porttitor at dapibus sit amet, vestibulum sit amet risus. Praesent at maximus massa. Morbi elementum ex ac mi fermentum congue.\r\n\r\nPhasellus at fringilla dolor. Nullam sit amet cursus est. Cras iaculis sodales nulla eu sollicitudin. Integer quis felis augue. Aenean non felis mollis, luctus felis ac, volutpat sapien. In lorem mauris, imperdiet ut lobortis nec, maximus eu justo. Quisque sit amet elit dui. Duis non massa eros. Ut vel erat ut leo finibus pulvinar. Maecenas blandit massa vitae accumsan posuere. Nulla facilisi. Nullam a molestie augue. Pellentesque et posuere purus. Mauris ut quam fermentum, vulputate odio sit amet, ultrices nisl. Morbi fringilla tempus dolor sed ornare.\r\n\r\nEtiam lacinia varius mi, sed efficitur metus cursus vitae. Nunc eleifend diam eget ipsum imperdiet tincidunt. Duis ut nisi consequat, pharetra sem eget, tristique nulla. Curabitur aliquet scelerisque est. In auctor lectus in scelerisque tempus. Proin tempus sodales sem, sit amet porta lectus euismod at. Cras consequat nunc nec feugiat ornare. Etiam ornare libero ac blandit vehicula. Mauris gravida ac diam id laoreet. Phasellus placerat turpis nec nisl euismod, dictum mollis eros efficitur. Aliquam non tortor leo. Cras diam tellus, ornare eget quam vitae, bibendum imperdiet sapien. Phasellus tortor libero, aliquam ut odio bibendum, hendrerit pharetra arcu. Nam auctor porta quam et lacinia. ',0,1,'images/ts_1690304114580_13182627-7f97b9b1-28dd-4d7b-b656-734e9ffef19b.avif',5,1,'2023-07-14 20:29:00','2023-07-25 18:55:15',9,'14 July | 2023'),(38,',mirko','Wimbledon 2023 - Carlos Alcaraz won the championship ','Lorem ipsum dolor sit amet, consectetur adipiscing elit. Suspendisse venenatis, magna ut auctor fermentum, urna mi ultrices orci, sed sagittis lacus magna non ante. Praesent sed venenatis justo, vel ultrices lorem. ','\r\n\r\nLorem ipsum dolor sit amet, consectetur adipiscing elit. Suspendisse venenatis, magna ut auctor fermentum, urna mi ultrices orci, sed sagittis lacus magna non ante. Praesent sed venenatis justo, vel ultrices lorem. Nam a sollicitudin erat. Morbi eu suscipit mauris. Cras consectetur aliquet pellentesque. Praesent ornare arcu eget imperdiet pharetra. Curabitur tempus lacus metus, euismod laoreet est ultrices iaculis. Cras posuere leo a ligula laoreet rutrum. Donec interdum leo nec dictum fringilla.\r\n\r\nCurabitur ac lorem lobortis, fermentum augue eget, finibus purus. Nunc facilisis nibh quis accumsan aliquet. Integer dapibus sollicitudin egestas. Donec quis est vel quam scelerisque feugiat. Etiam vitae vulputate felis. Praesent iaculis urna eget iaculis dapibus. Aenean varius ex quis risus vulputate, nec consectetur lectus viverra. Aenean erat purus, hendrerit et leo rhoncus, rutrum ornare ipsum. Integer in mauris at velit vestibulum ullamcorper at interdum nibh. Praesent sit amet sem mollis, dignissim mauris nec, viverra sapien. Nam tempor dui sit amet ornare fermentum. Duis lacinia mollis ipsum in egestas. Duis iaculis dictum elit nec suscipit. Suspendisse eu imperdiet sapien, non ultricies felis. Aliquam erat volutpat. Proin et est arcu.\r\n\r\nVivamus viverra lectus et est posuere, eu egestas eros pretium. Lorem ipsum dolor sit amet, consectetur adipiscing elit. Aliquam tristique suscipit congue. Pellentesque habitant morbi tristique senectus et netus et malesuada fames ac turpis egestas. Nullam varius libero nec ullamcorper pretium. In accumsan viverra sollicitudin. Proin semper ipsum in pulvinar sodales. Nulla egestas consectetur justo, et ultrices ex hendrerit placerat. Ut sed iaculis ipsum. Integer varius feugiat ligula convallis tempus.\r\n\r\nSed ac diam augue. Pellentesque lorem massa, suscipit sit amet fermentum non, elementum congue ante. Cras fringilla bibendum felis nec facilisis. Integer dignissim, justo sed auctor ornare, massa dolor ornare urna, semper egestas metus metus mattis erat. Mauris interdum dolor in efficitur tempus. Duis vitae aliquet velit. Pellentesque habitant morbi tristique senectus et netus et malesuada fames ac turpis egestas. Duis in erat eu erat maximus commodo lacinia ac lectus. Cras vel est vehicula, dictum enim eget, pretium tortor. Integer id magna nec elit suscipit scelerisque. Nunc quis nibh eleifend, mattis ex tempor, finibus mauris. Vivamus a odio non justo congue laoreet non at dui. Sed laoreet diam enim, sed sollicitudin erat consectetur in. Praesent convallis felis eget libero ornare iaculis. Integer vel congue sapien.\r\n\r\nInteger nulla nibh, dapibus sed augue sed, ultrices tempus tortor. Nunc elit mi, bibendum et tellus eu, pellentesque vestibulum orci. Suspendisse potenti. Nunc lacinia sed quam non mattis. Suspendisse nec dapibus augue, et mattis ipsum. Vestibulum a purus tempor nibh ultricies porttitor ut id lectus. Pellentesque tristique commodo odio sed ultrices. Sed nec scelerisque mi. Ut id dui libero. Lorem ipsum dolor sit amet, consectetur adipiscing elit. Nullam tincidunt placerat massa vitae viverra. In non mauris tempor, porta urna sit amet, pulvinar nisl. Praesent vitae tincidunt neque, eget molestie odio. ',0,1,'images/ts_1690316874996_e9b140546f79ca788af87433fd27f10e.jpg',23,1,'2023-07-17 23:00:00','2023-07-25 22:27:55',9,'17 July | 2023'),(40,',sanja','How superstorms are forming  - Quisque et vulputate justo, consequat ','Lorem ipsum dolor sit amet, consectetur adipiscing elit. In sed fermentum est. Quisque et vulputate justo, consequat convallis lacus. Ut tempor, orci id tristique placerat, magna ipsum facilisis magna,  ','Lorem ipsum dolor sit amet, consectetur adipiscing elit. Vivamus mollis quam nec purus rutrum venenatis. Praesent feugiat, nisl ut convallis consectetur, ligula libero vulputate magna, vitae imperdiet augue nibh vel tortor. Nam consectetur iaculis justo, ut tempor risus dictum euismod. Nullam at neque vestibulum, hendrerit dui efficitur, ultricies odio. Maecenas a sapien eget nisl auctor egestas in sed justo. In aliquam dui non lectus finibus tempus. Aliquam tincidunt turpis vel mi convallis, a convallis eros placerat. Nam non rhoncus ante. Suspendisse ullamcorper nunc ac libero vestibulum fringilla. Nullam ultrices neque velit, eleifend convallis sapien feugiat eu.\r\n\r\nDuis dignissim molestie suscipit. Quisque in pulvinar ligula, eu bibendum arcu. In auctor lobortis feugiat. Nulla facilisi. Donec vitae rhoncus magna. Vivamus et euismod dui. Aenean feugiat ante sed elit porttitor euismod. Aliquam erat volutpat. Pellentesque sit amet nunc id urna condimentum sollicitudin quis vitae ipsum. Cras ut nisi hendrerit, vehicula risus sit amet, lacinia orci.\r\n\r\nPhasellus scelerisque auctor metus, vitae dictum diam tincidunt sed. Cras imperdiet elit eu ipsum volutpat porta. Maecenas consectetur purus non dui blandit, quis molestie sem pulvinar. Vivamus a ipsum a felis blandit facilisis. Praesent malesuada nibh sed orci posuere, quis viverra neque dapibus. Donec nisl purus, interdum vel felis a, pretium porta dui. Vestibulum tempus odio a lacus commodo auctor. Ut interdum nisi at odio hendrerit venenatis. Lorem ipsum dolor sit amet, consectetur adipiscing elit. Nunc vulputate finibus commodo.\r\n\r\nCras ut dictum metus. Nullam aliquam, nulla a aliquam cursus, neque lacus fermentum ex, ac aliquam justo eros id velit. Quisque neque enim, lacinia in lacus eu, bibendum ultrices sem. Suspendisse potenti. Praesent enim orci, sollicitudin lacinia nisl eget, pellentesque ultrices nulla. Cras leo ligula, molestie ultricies vulputate at, eleifend sed neque. Nullam nunc nibh, volutpat ornare cursus id, lobortis sed dui. Phasellus pharetra bibendum massa vitae rutrum. Maecenas facilisis leo ac odio ultricies, gravida ultricies arcu dictum. Proin nisl nunc, tempus sit amet odio eget, tempor porta tellus.\r\n\r\nMaecenas a leo aliquet, ultricies dolor non, ornare nibh. Pellentesque eget justo laoreet quam cursus elementum laoreet non arcu. Etiam efficitur justo lacus, ac sagittis eros sodales quis. Quisque a lectus congue, semper arcu ac, porta dolor. Aliquam erat volutpat. Lorem ipsum dolor sit amet, consectetur adipiscing elit. Sed at tincidunt est. Integer vel interdum nisl. Vestibulum viverra venenatis nulla, vel posuere ex efficitur at. Vestibulum et ultrices ipsum, ut sagittis nibh.\r\n\r\nPraesent in lacus hendrerit, pellentesque odio ac, maximus justo. Quisque auctor, lorem vel tempus condimentum, leo arcu feugiat justo, vitae hendrerit risus massa sed tellus. Nunc faucibus elementum lectus, accumsan dapibus urna ullamcorper nec. Suspendisse suscipit odio vitae turpis mollis pulvinar. Curabitur pretium elementum quam, vel porta sem. Maecenas sit amet consequat dui. Cras rutrum urna ipsum, posuere dapibus risus efficitur et. Nulla rutrum lorem a ex aliquam vehicula. Suspendisse posuere erat nibh, eu posuere nibh iaculis at.\r\n\r\nQuisque congue pulvinar ligula, ut efficitur leo vulputate sed. Aliquam erat volutpat. Etiam interdum, felis nec pellentesque luctus, ligula massa eleifend arcu, sit amet pellentesque nulla libero a eros. Fusce a erat eget justo lacinia blandit. Sed finibus nulla at leo ullamcorper, vitae congue justo ultricies. Sed sed sem tempus, dictum orci sit amet, accumsan erat. Pellentesque eget ante mi. Aliquam quis blandit massa. Nam tempor ornare odio, et faucibus diam molestie ut. Duis scelerisque eget leo id hendrerit. Etiam ut porta lacus. Donec finibus metus eu nisl porttitor porttitor. Sed in porta nisi. Vestibulum luctus tortor massa, in venenatis tellus posuere sed. Nunc ac vestibulum leo.\r\n\r\nPellentesque sagittis, velit vel bibendum volutpat, sapien justo fermentum diam, vel fermentum felis ipsum vel lectus. Cras laoreet sollicitudin risus, eu posuere quam volutpat sit amet. Suspendisse suscipit diam vitae nisl varius imperdiet. Nulla in gravida turpis, quis tincidunt enim. Suspendisse ultricies ultricies lectus vel cursus. Nunc ultrices erat id efficitur ultrices. Aenean pellentesque magna sit amet interdum consequat. Integer feugiat, sapien et fermentum dignissim, tortor tellus eleifend magna, vitae varius nibh justo eu elit. Integer id ultrices nibh. Nulla bibendum mattis eros, quis ultrices ipsum aliquam consequat. Proin venenatis ornare sem. Mauris vitae tellus est. ',1,1,'images/ts_1690304128913_asphalt-road-with-yellow-markings-goes-through-green-fields_76964-3971.avif',12,0,'2023-07-20 22:06:00','2023-07-25 18:55:29',16,'20 July | 2023'),(41,',Jovana','FIBA - world basketball cup is near','Lorem ipsum dolor sit amet, consectetur adipiscing elit. Nullam bibendum feugiat imperdiet. Cras vel fermentum justo. Praesent risus ipsum, venenatis in dictum fringilla, posuere quis leo. Cras venenatis vehicula libero vitae dapibus. Fusce a nisl eu lacus cursus molestie.','Lorem ipsum dolor sit amet, consectetur adipiscing elit. Nullam bibendum feugiat imperdiet. Cras vel fermentum justo. Praesent risus ipsum, venenatis in dictum fringilla, posuere quis leo. Cras venenatis vehicula libero vitae dapibus. Fusce a nisl eu lacus cursus molestie.\r\nLorem ipsum dolor sit amet, consectetur adipiscing elit. Nullam bibendum feugiat imperdiet. Cras vel fermentum justo. Praesent risus ipsum, venenatis in dictum fringilla, posuere quis leo. Cras venenatis vehicula libero vitae dapibus. Fusce a nisl eu lacus cursus molestie.Lorem ipsum dolor sit amet, consectetur adipiscing elit. Nullam bibendum feugiat imperdiet. Cras vel fermentum justo. Praesent risus ipsum, venenatis in dictum fringilla, posuere quis leo. Cras venenatis vehicula libero vitae dapibus. Fusce a nisl eu lacus cursus molestie.Lorem ipsum dolor sit amet, consectetur adipiscing elit. Nullam bibendum feugiat imperdiet. Cras vel fermentum justo. Praesent risus ipsum, venenatis in dictum fringilla, posuere quis leo. Cras venenatis vehicula libero vitae dapibus. Fusce a nisl eu lacus cursus molestie.Lorem ipsum dolor sit amet, consectetur adipiscing elit. Nullam bibendum feugiat imperdiet. Cras vel fermentum justo. Praesent risus ipsum, venenatis in dictum fringilla, posuere quis leo. Cras venenatis vehicula libero vitae dapibus. Fusce a nisl eu lacus cursus molestie.Lorem ipsum dolor sit amet, consectetur adipiscing elit. Nullam bibendum feugiat imperdiet. Cras vel fermentum justo. Praesent risus ipsum, venenatis in dictum fringilla, posuere quis leo. Cras venenatis vehicula libero vitae dapibus. Fusce a nisl eu lacus cursus molestie.Lorem ipsum dolor sit amet, consectetur adipiscing elit. Nullam bibendum feugiat imperdiet. Cras vel fermentum justo. Praesent risus ipsum, venenatis in dictum fringilla, posuere quis leo. Cras venenatis vehicula libero vitae dapibus. Fusce a nisl eu lacus cursus molestie.Lorem ipsum dolor sit amet, consectetur adipiscing elit. Nullam bibendum feugiat imperdiet. Cras vel fermentum justo. Praesent risus ipsum, venenatis in dictum fringilla, posuere quis leo. Cras venenatis vehicula libero vitae dapibus. Fusce a nisl eu lacus cursus molestie.\r\nLorem ipsum dolor sit amet, consectetur adipiscing elit. Nullam bibendum feugiat imperdiet. Cras vel fermentum justo. Praesent risus ipsum, venenatis in dictum fringilla, posuere quis leo. Cras venenatis vehicula libero vitae dapibus. Fusce a nisl eu lacus cursus molestie.Lorem ipsum dolor sit amet, consectetur adipiscing elit. Nullam bibendum feugiat imperdiet. Cras vel fermentum justo. Praesent risus ipsum, venenatis in dictum fringilla, posuere quis leo. Cras venenatis vehicula libero vitae dapibus. Fusce a nisl eu lacus cursus molestie.Lorem ipsum dolor sit amet, consectetur adipiscing elit. Nullam bibendum feugiat imperdiet. Cras vel fermentum justo. Praesent risus ipsum, venenatis in dictum fringilla, posuere quis leo. Cras venenatis vehicula libero vitae dapibus. Fusce a nisl eu lacus cursus molestie.\r\n\r\n\r\nLorem ipsum dolor sit amet, consectetur adipiscing elit. Nullam bibendum feugiat imperdiet. Cras vel fermentum justo. Praesent risus ipsum, venenatis in dictum fringilla, posuere quis leo. Cras venenatis vehicula libero vitae dapibus. Fusce a nisl eu lacus cursus molestie.Lorem ipsum dolor sit amet, consectetur adipiscing elit. Nullam bibendum feugiat imperdiet. Cras vel fermentum justo. Praesent risus ipsum, venenatis in dictum fringilla, posuere quis leo. Cras venenatis vehicula libero vitae dapibus. Fusce a nisl eu lacus cursus molestie.Lorem ipsum dolor sit amet, consectetur adipiscing elit. Nullam bibendum feugiat imperdiet. Cras vel fermentum justo. Praesent risus ipsum, venenatis in dictum fringilla, posuere quis leo. Cras venenatis vehicula libero vitae dapibus. Fusce a nisl eu lacus cursus molestie.Lorem ipsum dolor sit amet, consectetur adipiscing elit. Nullam bibendum feugiat imperdiet. Cras vel fermentum justo. Praesent risus ipsum, venenatis in dictum fringilla, posuere quis leo. Cras venenatis vehicula libero vitae dapibus. Fusce a nisl eu lacus cursus molestie.Lorem ipsum dolor sit amet, consectetur adipiscing elit. Nullam bibendum feugiat imperdiet. Cras vel fermentum justo. Praesent risus ipsum, venenatis in dictum fringilla, posuere quis leo. Cras venenatis vehicula libero vitae dapibus. Fusce a nisl eu lacus cursus molestie.Lorem ipsum dolor sit amet, consectetur adipiscing elit. Nullam bibendum feugiat imperdiet. Cras vel fermentum justo. Praesent risus ipsum, venenatis in dictum fringilla, posuere quis leo. Cras venenatis vehicula libero vitae dapibus. Fusce a nisl eu lacus cursus molestie.',1,1,'images/ts_1690316529737_fiba-world-cup.jpg',8,0,'2023-07-25 18:20:00','2023-07-25 22:22:10',10,'25 July | 2023'),(42,',Stanko','Music - orem ipsum dolor sit amet','orem ipsum dolor sit amet, consectetur adipiscing elit. Maecenas molestie hendrerit interdum. Aenean tincidunt tristique vestibulum. Donec suscipit ex eu nulla vulputate, ut gravida lorem vulputate. Curabitur viverra dolor ac metus ultrices luctus. Ut dapibus, massa ac tempus semper, est erat consectetur leo, eu maximus ex sapien vel lectus. ','Maecenas molestie hendrerit interdum. Aenean tincidunt tristique vestibulum. Donec suscipit ex eu nulla vulputate, ut gravida lorem vulputate. Curabitur viverra dolor ac metus ultrices luctus. Ut dapibus, massa ac tempus semper, est erat consectetur leo, eu maximus ex sapien vel lectus. \r\n\r\nMaecenas molestie hendrerit interdum. Aenean tincidunt tristique vestibulum. Donec suscipit ex eu nulla vulputate, ut gravida lorem vulputate. Curabitur viverra dolor ac metus ultrices luctus. Ut dapibus, massa ac tempus semper, est erat consectetur leo, eu maximus ex sapien vel lectus. \r\n\r\n\r\n\r\nMaecenas molestie hendrerit interdum. Aenean tincidunt tristique vestibulum. Donec suscipit ex eu nulla vulputate, ut gravida lorem vulputate. Curabitur viverra dolor ac metus ultrices luctus. Ut dapibus, massa ac tempus semper, est erat consectetur leo, eu maximus ex sapien vel lectus. \r\nMaecenas molestie hendrerit interdum. Aenean tincidunt tristique vestibulum. Donec suscipit ex eu nulla vulputate, ut gravida lorem vulputate. Curabitur viverra dolor ac metus ultrices luctus. Ut dapibus, massa ac tempus semper, est erat consectetur leo, eu maximus ex sapien vel lectus. \r\n\r\nMaecenas molestie hendrerit interdum. Aenean tincidunt tristique vestibulum. Donec suscipit ex eu nulla vulputate, ut gravida lorem vulputate. Curabitur viverra dolor ac metus ultrices luctus. Ut dapibus, massa ac tempus semper, est erat consectetur leo, eu maximus ex sapien vel lectus. \r\nMaecenas molestie hendrerit interdum. Aenean tincidunt tristique vestibulum. Donec suscipit ex eu nulla vulputate, ut gravida lorem vulputate. Curabitur viverra dolor ac metus ultrices luctus. Ut dapibus, massa ac tempus semper, est erat consectetur leo, eu maximus ex sapien vel lectus. \r\n\r\n\r\nMaecenas molestie hendrerit interdum. Aenean tincidunt tristique vestibulum. Donec suscipit ex eu nulla vulputate, ut gravida lorem vulputate. Curabitur viverra dolor ac metus ultrices luctus. Ut dapibus, massa ac tempus semper, est erat consectetur leo, eu maximus ex sapien vel lectus. \r\n\r\nMaecenas molestie hendrerit interdum. Aenean tincidunt tristique vestibulum. Donec suscipit ex eu nulla vulputate, ut gravida lorem vulputate. Curabitur viverra dolor ac metus ultrices luctus. Ut dapibus, massa ac tempus semper, est erat consectetur leo, eu maximus ex sapien vel lectus. \r\nMaecenas molestie hendrerit interdum. Aenean tincidunt tristique vestibulum. Donec suscipit ex eu nulla vulputate, ut gravida lorem vulputate. Curabitur viverra dolor ac metus ultrices luctus. Ut dapibus, massa ac tempus semper, est erat consectetur leo, eu maximus ex sapien vel lectus. Maecenas molestie hendrerit interdum. Aenean tincidunt tristique vestibulum. Donec suscipit ex eu nulla vulputate, ut gravida lorem vulputate. Curabitur viverra dolor ac metus ultrices luctus. Ut dapibus, massa ac tempus semper, est erat consectetur leo, eu maximus ex sapien vel lectus. Maecenas molestie hendrerit interdum. Aenean tincidunt tristique vestibulum. Donec suscipit ex eu nulla vulputate, ut gravida lorem vulputate. Curabitur viverra dolor ac metus ultrices luctus. Ut dapibus, massa ac tempus semper, est erat consectetur leo, eu maximus ex sapien vel lectus. \r\nMaecenas molestie hendrerit interdum. Aenean tincidunt tristique vestibulum. Donec suscipit ex eu nulla vulputate, ut gravida lorem vulputate. Curabitur viverra dolor ac metus ultrices luctus. Ut dapibus, massa ac tempus semper, est erat consectetur leo, eu maximus ex sapien vel lectus. \r\n\r\n\r\nMaecenas molestie hendrerit interdum. Aenean tincidunt tristique vestibulum. Donec suscipit ex eu nulla vulputate, ut gravida lorem vulputate. Curabitur viverra dolor ac metus ultrices luctus. Ut dapibus, massa ac tempus semper, est erat consectetur leo, eu maximus ex sapien vel lectus. ',0,1,'images/ts_1690314075499_music.jpg',6,1,'2023-07-25 21:41:15',NULL,17,'25 July | 2023'),(43,',admin1','Samsung Unpacked - Galaxy Z Flip 5 , Galaxy Z Fold 5','orem ipsum dolor sit amet, consectetur adipiscing elit. Sed id viverra dolor, eu tincidunt mi. Donec gravida, eros eget scelerisque posuere, est risus rutrum augue, vitae eleifend dolor nunc nec lacus. ','Lorem ipsum dolor sit amet, consectetur adipiscing elit. Sed id viverra dolor, eu tincidunt mi. Donec gravida, eros eget scelerisque posuere, est risus rutrum augue, vitae eleifend dolor nunc nec lacus. Curabitur ligula massa, bibendum aliquet tortor fermentum, congue faucibus odio. Phasellus sollicitudin sit amet felis id malesuada. Praesent tempor ante in finibus posuere. Duis at viverra neque. Maecenas lacinia nisl sit amet tempor sodales. Maecenas at urna lorem. Pellentesque porta sit amet massa at imperdiet.\r\n\r\nNulla nec mi libero. Vestibulum ante ipsum primis in faucibus orci luctus et ultrices posuere cubilia curae; Donec nec tellus pulvinar, placerat turpis vestibulum, mollis ex. Vestibulum dapibus at orci in tempus. Sed ornare libero nec tellus porttitor, eget porttitor augue condimentum. Phasellus sit amet lobortis leo. Aliquam erat volutpat. Donec vitae nisi sed risus pharetra semper ut in metus. Cras a tempor est, et blandit nulla. Aenean et leo pretium, ultrices dolor ac, varius quam. Curabitur eget nisi et ipsum eleifend tempus sit amet non eros.\r\n\r\nQuisque interdum porta mattis. Fusce suscipit diam nisl. Nulla vitae massa iaculis, ultrices erat ut, sodales ante. Donec nec hendrerit ex. Sed posuere, nisl non vestibulum gravida, ligula ipsum blandit metus, vestibulum dictum lectus lacus sed ligula. Nullam dui mauris, vestibulum sed vestibulum sit amet, elementum nec dui. Sed scelerisque lectus lorem, in accumsan leo vulputate et. Proin sit amet tellus nec lectus finibus maximus quis eu magna. Cras porta massa vitae sagittis porttitor. Aliquam suscipit commodo fringilla. Phasellus et facilisis lectus.\r\n\r\nEtiam pellentesque placerat faucibus. Aenean ac massa posuere, ultricies neque eget, fringilla elit. Aenean et feugiat eros. Phasellus blandit enim vel feugiat auctor. Nulla sit amet odio felis. Nullam porttitor augue rutrum purus maximus rhoncus. In id finibus felis. Nunc semper sodales tristique. Etiam vestibulum tellus a mi viverra, tempus efficitur ante condimentum. Nunc ultrices orci ut orci lobortis venenatis.\r\n\r\nCras finibus mauris non sem bibendum, nec pharetra libero hendrerit. Phasellus pellentesque sagittis dapibus. Phasellus a elit sit amet tellus ultrices posuere. Integer risus dui, dapibus nec turpis et, convallis commodo metus. Suspendisse potenti. Donec sed porttitor eros. Vestibulum dolor felis, venenatis quis ex et, porta malesuada ex. ',1,1,'images/ts_1690389171267_samsung_phones.jpg',13,2,'2023-07-26 18:32:51',NULL,13,'26 July | 2023');
/*!40000 ALTER TABLE `blog_product` ENABLE KEYS */;
UNLOCK TABLES;

--
-- Table structure for table `blog_product_tag`
--

DROP TABLE IF EXISTS `blog_product_tag`;
/*!40101 SET @saved_cs_client     = @@character_set_client */;
/*!50503 SET character_set_client = utf8mb4 */;
CREATE TABLE `blog_product_tag` (
  `id_blog_product_tag` int NOT NULL AUTO_INCREMENT,
  `blog_product_id` int NOT NULL,
  `tag_id` int NOT NULL,
  PRIMARY KEY (`id_blog_product_tag`),
  KEY `tag_id_tag_pk_blog_tag_tag_id_fk` (`tag_id`),
  KEY `blog_id_blog_pk_blog_tag_blog_id_fk` (`blog_product_id`),
  CONSTRAINT `blog_id_blog_pk_blog_tag_blog_id_fk` FOREIGN KEY (`blog_product_id`) REFERENCES `blog_product` (`id_blog_product`),
  CONSTRAINT `tag_id_tag_pk_blog_tag_tag_id_fk` FOREIGN KEY (`tag_id`) REFERENCES `tag` (`id_tag`)
) ENGINE=InnoDB AUTO_INCREMENT=341 DEFAULT CHARSET=utf8mb4 COLLATE=utf8mb4_0900_ai_ci;
/*!40101 SET character_set_client = @saved_cs_client */;

--
-- Dumping data for table `blog_product_tag`
--

LOCK TABLES `blog_product_tag` WRITE;
/*!40000 ALTER TABLE `blog_product_tag` DISABLE KEYS */;
INSERT INTO `blog_product_tag` VALUES (270,1,1),(271,1,2),(275,10,5),(276,10,6),(277,10,7),(278,14,6),(279,14,9),(280,15,2),(281,15,4),(282,15,14),(283,16,1),(284,16,5),(285,17,7),(286,17,10),(290,19,5),(291,19,8),(292,20,6),(293,21,5),(294,21,6),(295,21,8),(296,25,5),(297,25,6),(298,26,5),(299,26,11),(300,26,12),(301,27,2),(302,27,4),(303,29,2),(304,29,13),(305,29,14),(306,30,5),(307,30,6),(308,30,8),(309,31,6),(310,31,8),(311,32,7),(312,32,9),(313,33,6),(314,34,7),(315,34,10),(316,35,10),(317,37,7),(318,37,10),(321,40,19),(322,40,20),(323,40,21),(324,42,22),(325,42,23),(330,41,7),(331,41,8),(332,38,7),(333,38,10),(338,2,1),(339,2,2),(340,43,6);
/*!40000 ALTER TABLE `blog_product_tag` ENABLE KEYS */;
UNLOCK TABLES;

--
-- Table structure for table `category`
--

DROP TABLE IF EXISTS `category`;
/*!40101 SET @saved_cs_client     = @@character_set_client */;
/*!50503 SET character_set_client = utf8mb4 */;
CREATE TABLE `category` (
  `id_category` int NOT NULL AUTO_INCREMENT,
  `category_name` varchar(50) NOT NULL,
  `category_description` varchar(500) NOT NULL,
  `category_priority` int DEFAULT NULL,
  `category_blog_count` int DEFAULT '0',
  PRIMARY KEY (`id_category`)
) ENGINE=InnoDB AUTO_INCREMENT=19 DEFAULT CHARSET=utf8mb4 COLLATE=utf8mb4_0900_ai_ci;
/*!40101 SET character_set_client = @saved_cs_client */;

--
-- Dumping data for table `category`
--

LOCK TABLES `category` WRITE;
/*!40000 ALTER TABLE `category` DISABLE KEYS */;
INSERT INTO `category` VALUES (1,'Uncategorized','Uncategorized',0,2),(2,'Travel','Travel',2,4),(3,'Flowers','Flowers',105,0),(4,'Nature','Nature',6,1),(5,'Vacation','Vacation',1,2),(6,'Food','If you like to eat this is a right place for you....',101,1),(7,'Books and novels','All books you like',6,0),(8,'Automobiles','Automobili, mehanika, automobilizam',3,2),(9,'Tenis','Tennis is a racket sport that is played either individually against a single opponent (singles) or between two teams of two players each (doubles). Each player uses a tennis racket that is strung with cord to strike a hollow rubber ball covered with felt over or around a net and into the opponent\'s court. ',4,4),(10,'Sport','Sport news',5,2),(11,'Economy','Lorem ipsum dolor sit amet, consectetur adipiscing elit. Nullam sed lacus quam. Nullam vel interdum ipsum. Etiam fringilla, est sit amet sagittis vestibulum, metus sem lobortis tu',11,2),(12,'Technology','orem ipsum dolor sit amet, consectetur adipiscing elit. Nullam sed lacus quam.  ',18,1),(13,'Hardware','Computer hardware',18,3),(14,'Movies','Movies drama, si-fi, action, advanture',25,1),(15,'E-commerce','Economy , internet, sales',28,1),(16,'Weather','Maecenas a leo aliquet, ultricies dolor non, ornare nibh. Pellentesque eget justo laoreet quam cursus elementum laoreet non arcu. Etiam efficitur justo lacus, ac sagittis eros sodales quis. ',100,1),(17,'Music','Lorem ipsum dolor sit amet, consectetur adipiscing elit. Maecenas molestie hendrerit interdum. Aenean tincidunt tristique vestibulum. Donec suscipit ex eu nulla vulputate, ut gravida lorem vulputate. Curabitur viverra dolor ac metus ultrices luctus. Ut dapibus, massa ac tempus semper, est erat consectetur leo, eu maximus ex sapien vel lectus. Cras vulputate facilisis libero, a laoreet orci hendrerit vestibulum. Sed porta augue sed diam suscipit, a tincidunt dolor fermentum.',100,1),(18,'Mobilephones','Lorem ipsum dolor sit amet, Lorem ipsum dolor sit ametm, Lorem ipsum dolor sit ametLorem ipsum dolor sit ametLorem ipsum dolor sit amet',25,0);
/*!40000 ALTER TABLE `category` ENABLE KEYS */;
UNLOCK TABLES;

--
-- Table structure for table `contact`
--

DROP TABLE IF EXISTS `contact`;
/*!40101 SET @saved_cs_client     = @@character_set_client */;
/*!50503 SET character_set_client = utf8mb4 */;
CREATE TABLE `contact` (
  `id_contact` int NOT NULL AUTO_INCREMENT,
  `adress` varchar(300) NOT NULL,
  `phone_number` varchar(100) NOT NULL,
  `email` varchar(300) NOT NULL,
  PRIMARY KEY (`id_contact`)
) ENGINE=InnoDB AUTO_INCREMENT=2 DEFAULT CHARSET=utf8mb4 COLLATE=utf8mb4_0900_ai_ci;
/*!40101 SET character_set_client = @saved_cs_client */;

--
-- Dumping data for table `contact`
--

LOCK TABLES `contact` WRITE;
/*!40000 ALTER TABLE `contact` DISABLE KEYS */;
INSERT INTO `contact` VALUES (1,'Bulevar Mihajla Pupina 182','+381 (064) 123 456 789','info@bootstrapblog.com');
/*!40000 ALTER TABLE `contact` ENABLE KEYS */;
UNLOCK TABLES;

--
-- Temporary view structure for view `getcategorylistbyprioritytop4`
--

DROP TABLE IF EXISTS `getcategorylistbyprioritytop4`;
/*!50001 DROP VIEW IF EXISTS `getcategorylistbyprioritytop4`*/;
SET @saved_cs_client     = @@character_set_client;
/*!50503 SET character_set_client = utf8mb4 */;
/*!50001 CREATE VIEW `getcategorylistbyprioritytop4` AS SELECT 
 1 AS `id_category`,
 1 AS `category_name`,
 1 AS `category_description`,
 1 AS `category_priority`,
 1 AS `category_blog_count`*/;
SET character_set_client = @saved_cs_client;

--
-- Temporary view structure for view `gettaglistbyfrequency`
--

DROP TABLE IF EXISTS `gettaglistbyfrequency`;
/*!50001 DROP VIEW IF EXISTS `gettaglistbyfrequency`*/;
SET @saved_cs_client     = @@character_set_client;
/*!50503 SET character_set_client = utf8mb4 */;
/*!50001 CREATE VIEW `gettaglistbyfrequency` AS SELECT 
 1 AS `id_tag`,
 1 AS `tag_name`*/;
SET character_set_client = @saved_cs_client;

--
-- Table structure for table `message`
--

DROP TABLE IF EXISTS `message`;
/*!40101 SET @saved_cs_client     = @@character_set_client */;
/*!50503 SET character_set_client = utf8mb4 */;
CREATE TABLE `message` (
  `id_message` int NOT NULL AUTO_INCREMENT,
  `name` varchar(255) NOT NULL,
  `email` varchar(255) NOT NULL,
  `content` varchar(1000) NOT NULL,
  `message_date` datetime NOT NULL DEFAULT CURRENT_TIMESTAMP,
  `seen` tinyint(1) NOT NULL DEFAULT (0),
  PRIMARY KEY (`id_message`)
) ENGINE=InnoDB AUTO_INCREMENT=8 DEFAULT CHARSET=utf8mb4 COLLATE=utf8mb4_0900_ai_ci;
/*!40101 SET character_set_client = @saved_cs_client */;

--
-- Dumping data for table `message`
--

LOCK TABLES `message` WRITE;
/*!40000 ALTER TABLE `message` DISABLE KEYS */;
INSERT INTO `message` VALUES (1,'Nenad','nenad@gmail.com','Lorem Ipsum is simply dummy text of the printing and typesetting industry. Lorem Ipsum has been the industry\'s standard dummy text ever since the 1500s, when an unknown printer took a galley of type and scrambled it to make a type specimen book. It has survived not only five centuries, but also the leap into electronic typesetting, remaining essentially unchanged. It was popularised in the 1960s with the release of Letraset sheets containing Lorem Ipsum passages, and more recently with desktop publishing software like Aldus PageMaker including versions of Lorem Ipsum.','2023-06-17 00:00:00',1),(2,'Jelena','jelena@gmail.com','Lorem Ipsum is simply dummy text of the printing and typesetting industry. Lorem Ipsum has been the industry\'s standard dummy text ever since the 1500s, when an unknown printer took a galley of type and scrambled it to make a type specimen book. It has survived not only five centuries, but also the leap into electronic typesetting, remaining essentially unchanged. It was popularised in the 1960s with the release of Letraset sheets containing Lorem Ipsum passages, and more recently with desktop publishing software like Aldus PageMaker including versions of Lorem Ipsum.','2023-06-16 22:09:05',1),(3,'Predrag','pedja@gmail.com','Lorem Ipsum is simply dummy text of the printing and typesetting industry. Lorem Ipsum has been the industry\'s standard dummy text ever since the 1500s, when an unknown printer took a galley of type and scrambled it to make a type specimen book. It has survived not only five centuries, but also the leap into electronic typesetting, remaining essentially unchanged. It was popularised in the 1960s with the release of Letraset sheets containing Lorem Ipsum passages, and more recently with desktop publishing software like Aldus PageMaker including versions of Lorem Ipsum.','2023-06-18 22:10:05',1),(6,'Mirko','mirko@yahoo.com','Poruka od Mirka, proba da li radi. ','2023-07-08 16:33:13',1),(7,'Dragan','dragan@gmail.com','Poruka od Dragana za administratore','2023-07-26 16:54:54',0);
/*!40000 ALTER TABLE `message` ENABLE KEYS */;
UNLOCK TABLES;

--
-- Table structure for table `role`
--

DROP TABLE IF EXISTS `role`;
/*!40101 SET @saved_cs_client     = @@character_set_client */;
/*!50503 SET character_set_client = utf8mb4 */;
CREATE TABLE `role` (
  `authority` varchar(45) NOT NULL,
  PRIMARY KEY (`authority`)
) ENGINE=InnoDB DEFAULT CHARSET=utf8mb4 COLLATE=utf8mb4_0900_ai_ci;
/*!40101 SET character_set_client = @saved_cs_client */;

--
-- Dumping data for table `role`
--

LOCK TABLES `role` WRITE;
/*!40000 ALTER TABLE `role` DISABLE KEYS */;
INSERT INTO `role` VALUES ('ROLE_admin'),('ROLE_banned'),('ROLE_user');
/*!40000 ALTER TABLE `role` ENABLE KEYS */;
UNLOCK TABLES;

--
-- Table structure for table `slider`
--

DROP TABLE IF EXISTS `slider`;
/*!40101 SET @saved_cs_client     = @@character_set_client */;
/*!50503 SET character_set_client = utf8mb4 */;
CREATE TABLE `slider` (
  `id_slider` int NOT NULL AUTO_INCREMENT,
  `slider_title` varchar(255) NOT NULL,
  `image` text,
  `description` varchar(500) NOT NULL,
  `button_title` varchar(255) NOT NULL,
  `url` text NOT NULL,
  `enabled` tinyint(1) NOT NULL DEFAULT '0',
  `slider_priority` int DEFAULT NULL,
  `image_slider_id` int DEFAULT NULL,
  PRIMARY KEY (`id_slider`)
) ENGINE=InnoDB AUTO_INCREMENT=32 DEFAULT CHARSET=utf8mb4 COLLATE=utf8mb4_0900_ai_ci;
/*!40101 SET character_set_client = @saved_cs_client */;

--
-- Dumping data for table `slider`
--

LOCK TABLES `slider` WRITE;
/*!40000 ALTER TABLE `slider` DISABLE KEYS */;
INSERT INTO `slider` VALUES (1,'Nature','images/ts_1690313372473_nature-green.jpg','Lorem ipsum dolor sit amet','Our Nature in Serbia','https://www.freepik.com/free-photo/wide-angle-shot-single-tree-growing-clouded-sky-during-sunset-surrounded-by-grass_11342065.htm#query=nature%20background&position=0&from_view=keyword&track=ais',1,3,NULL),(2,'Vacation','images/ts_1690313407841_Summer-wallpapers-hd-1080P.jpg','Summer vacation','Vacation','https://www.istockphoto.com/photos/beach-vacation',1,25,NULL),(3,'Roadtrip','images/ts_1690387774623_road-sunset.jpg','Road sunset','Check out ','https://pixabay.com/photos/winding-road-sunset-mountains-1556177/',1,30,NULL),(19,'Fruit','images/ts_1690313429040_strawberry.jpg','Red fruit, blueberries','Whant to  know more?','https://pixabay.com/photos/strawberry-splash-water-clean-water-2293337/',1,5,NULL),(21,'Sunflower','images/ts_1690313435962_sunflowers.jpg','Lorem ipsum dolor sit amet','Learn more','https://www.istockphoto.com/search/2/image?phrase=sun+flower',1,4,NULL),(22,'Mushrooms ','images/ts_1690313458001_mushrooms.jpg','Which one to pick up','Learn more','https://www.vecteezy.com/photo/23033609-wonderful-mushroom-wallpaper-fantasy-wallpaper-4k-mushroom-light-fantasy-mushroom-jungle-generative-ai',1,6,NULL),(31,'Sunflower','images/ts_1690313538109_sunflower-bees.jpg','sunflowers and bees','Find out','https://www.istockphoto.com/search/2/image?phrase=sun+flower',1,9,NULL);
/*!40000 ALTER TABLE `slider` ENABLE KEYS */;
UNLOCK TABLES;

--
-- Table structure for table `tag`
--

DROP TABLE IF EXISTS `tag`;
/*!40101 SET @saved_cs_client     = @@character_set_client */;
/*!50503 SET character_set_client = utf8mb4 */;
CREATE TABLE `tag` (
  `id_tag` int NOT NULL AUTO_INCREMENT,
  `tag_name` varchar(50) NOT NULL,
  PRIMARY KEY (`id_tag`)
) ENGINE=InnoDB AUTO_INCREMENT=24 DEFAULT CHARSET=utf8mb4 COLLATE=utf8mb4_0900_ai_ci;
/*!40101 SET character_set_client = @saved_cs_client */;

--
-- Dumping data for table `tag`
--

LOCK TABLES `tag` WRITE;
/*!40000 ALTER TABLE `tag` DISABLE KEYS */;
INSERT INTO `tag` VALUES (1,'#MOUNTAIN'),(2,'#OCEAN'),(4,'#SUMMER FLOWERS'),(5,'#BUSINESS'),(6,'#TECHNOLOGY'),(7,'#SPORTS'),(8,'#ECONOMY'),(9,'#AUTOMOTIVE'),(10,'#WIMBLEDON'),(11,'#STARWARS'),(12,'#MANDALORIAN'),(13,'#VACATION'),(14,'#SEA'),(19,'#STORM'),(20,'#WEATHER'),(21,'#LIGHTNING'),(22,'#DJ'),(23,'#FUTURE SOUND');
/*!40000 ALTER TABLE `tag` ENABLE KEYS */;
UNLOCK TABLES;

--
-- Table structure for table `users`
--

DROP TABLE IF EXISTS `users`;
/*!40101 SET @saved_cs_client     = @@character_set_client */;
/*!50503 SET character_set_client = utf8mb4 */;
CREATE TABLE `users` (
  `username` varchar(45) NOT NULL,
  `password` varchar(1000) NOT NULL,
  `name` varchar(100) NOT NULL,
  `surname` varchar(100) NOT NULL,
  `email` varchar(200) NOT NULL,
  `phone_number` varchar(200) NOT NULL,
  `image` text,
  `enabled` tinyint(1) NOT NULL,
  PRIMARY KEY (`username`)
) ENGINE=InnoDB DEFAULT CHARSET=utf8mb4 COLLATE=utf8mb4_0900_ai_ci;
/*!40101 SET character_set_client = @saved_cs_client */;

--
-- Dumping data for table `users`
--

LOCK TABLES `users` WRITE;
/*!40000 ALTER TABLE `users` DISABLE KEYS */;
INSERT INTO `users` VALUES (',admin1','{bcrypt}$2a$10$GgpSBqwWd5YHHN7kExlxo.QFd3FzEP8Zbdf/T9fk/4K3gTr.lYyUK','Nenad','Stojanov','nenad123@gmail.com','+381648725354','images/ts_1690386878408_Nenad_Stojanov.jpg',1),(',goran','{bcrypt}$2a$10$AO3pU/rkqvvTNzorTIZkYO0kfv6WOcH2y6yj1eJI6xM29d3Wh.24q','Goran','Kostic','goran@gmail.com','+358165468123','images/ts_1690312784826_Goran_Goranovic.avif',1),(',Janko','{bcrypt}$2a$10$ASrdbQBWYQbhfldxZRwXa.M8OVA2b2ViWhOLR9.gaDgLv0VwRZapS','Janko','Tipsarevic','janko@gmail.com','+38164582548','images/ts_1690312797474_Janko_Tipsarevic.png',1),(',Jovan','{bcrypt}$2a$10$4hQw6/7aWvQXvLNU9UBA9O220tTwYAzF0VufdOqf8hlBvJLqMuxz2','Jovan','Jovanovic','jovan@gmail.com','+38122222111','images/ts_1690312807312_Jovan_Jovanovic.avif',1),(',Jovana','{bcrypt}$2a$10$1mXDyau.Eg/bQhbPNdwmku0F25V86sc4olQjGjHgbmtM5YytzTZ7W','Jelena','Jankovic','jelena123@gmail.com','+381546865465','images/ts_1690312762121_Jelena_Jankovic.jpg',1),(',mika','{bcrypt}$2a$10$BoTP/dawECi025vm52cBQOG2rvI4g7CIPTERWcF2b5tY1TzqrUaBq','Mika','Mikic','mika@yahoo.com','+3816487878787','images/ts_1690312816339_Mika_MIkic.jpg',1),(',mirko','{bcrypt}$2a$10$KXltX5MgKhkr65cpJdgxYucaXegVJGFJqfmxekxjLlSZWYs4E4sHm','Mirko','Mirkovic','mirko123@yahoo.com','+38164821565','images/ts_1690312828157_Mirko_Mirkovic.avif',1),(',sanja','{bcrypt}$2a$10$Be1LooeRFdnpq/BICHQhr.mpE0f3XoKnE1CNZdw6tUHpx93Nu89r6','Sanja','Novakovic','sanja@gmail.com','+3549846231698','images/ts_1690312838311_Sanja_Novakovic.png',1),(',Stanko','{bcrypt}$2a$10$FXXhMaGT7x/bDS0SW.IpTOWCeK222qY8dWTF1dHRRIfjLyuv3iKQq','Stanko','Peric','stanko@gmail.com','+387652354568','images/ts_1690312850875_Stanko_Peric.avif',1);
/*!40000 ALTER TABLE `users` ENABLE KEYS */;
UNLOCK TABLES;

--
-- Table structure for table `visit_log`
--

DROP TABLE IF EXISTS `visit_log`;
/*!40101 SET @saved_cs_client     = @@character_set_client */;
/*!50503 SET character_set_client = utf8mb4 */;
CREATE TABLE `visit_log` (
  `id_visit_log` int NOT NULL AUTO_INCREMENT,
  `blog_product_id` int NOT NULL,
  `visit_log_date` datetime NOT NULL,
  PRIMARY KEY (`id_visit_log`)
) ENGINE=InnoDB AUTO_INCREMENT=256 DEFAULT CHARSET=utf8mb4 COLLATE=utf8mb4_0900_ai_ci;
/*!40101 SET character_set_client = @saved_cs_client */;

--
-- Dumping data for table `visit_log`
--

LOCK TABLES `visit_log` WRITE;
/*!40000 ALTER TABLE `visit_log` DISABLE KEYS */;
INSERT INTO `visit_log` VALUES (137,41,'2023-07-25 22:24:50'),(138,41,'2023-07-25 22:24:51'),(139,41,'2023-07-25 22:24:52'),(140,38,'2023-07-25 22:24:54'),(141,38,'2023-07-25 22:24:55'),(142,38,'2023-07-25 22:24:56'),(143,38,'2023-07-25 22:24:57'),(144,38,'2023-07-25 22:24:57'),(145,38,'2023-07-25 22:24:58'),(146,38,'2023-07-25 22:25:00'),(147,38,'2023-07-25 22:25:01'),(148,38,'2023-07-25 22:25:02'),(149,40,'2023-07-25 22:25:04'),(150,40,'2023-07-25 22:25:05'),(151,37,'2023-07-25 22:25:07'),(152,37,'2023-07-25 22:25:08'),(153,37,'2023-07-25 22:25:09'),(154,33,'2023-07-25 22:25:10'),(155,40,'2023-07-25 22:25:14'),(156,34,'2023-07-25 22:25:16'),(157,42,'2023-07-25 22:25:23'),(158,38,'2023-07-25 22:25:25'),(159,37,'2023-07-25 22:25:27'),(160,35,'2023-07-25 22:25:28'),(161,34,'2023-07-25 22:25:29'),(162,33,'2023-07-25 22:25:30'),(163,32,'2023-07-25 22:25:31'),(164,31,'2023-07-25 22:25:32'),(165,30,'2023-07-25 22:25:34'),(166,29,'2023-07-25 22:25:35'),(167,27,'2023-07-25 22:25:41'),(168,26,'2023-07-25 22:25:42'),(169,25,'2023-07-25 22:25:44'),(170,21,'2023-07-25 22:25:45'),(171,19,'2023-07-25 22:25:46'),(172,18,'2023-07-25 22:25:47'),(173,17,'2023-07-25 22:25:48'),(174,16,'2023-07-25 22:25:49'),(175,15,'2023-07-25 22:25:50'),(176,15,'2023-07-25 22:25:51'),(177,10,'2023-07-25 22:25:52'),(178,10,'2023-07-25 22:25:53'),(179,11,'2023-07-25 22:25:54'),(180,12,'2023-07-25 22:25:55'),(181,13,'2023-07-25 22:25:58'),(182,14,'2023-07-25 22:25:59'),(183,14,'2023-07-25 22:26:00'),(184,14,'2023-07-25 22:26:01'),(185,2,'2023-07-25 22:26:02'),(186,2,'2023-07-25 22:26:03'),(187,2,'2023-07-25 22:26:04'),(188,2,'2023-07-25 22:26:05'),(189,2,'2023-07-25 22:26:05'),(190,2,'2023-07-25 22:26:06'),(191,2,'2023-07-25 22:26:07'),(192,2,'2023-07-25 22:26:08'),(193,2,'2023-07-25 22:26:08'),(194,1,'2023-07-25 22:26:09'),(195,38,'2023-07-25 22:26:18'),(196,38,'2023-07-25 22:26:18'),(197,38,'2023-07-25 22:26:19'),(198,38,'2023-07-25 22:26:20'),(199,38,'2023-07-25 22:26:20'),(200,38,'2023-07-25 22:26:21'),(201,38,'2023-07-25 22:26:22'),(202,38,'2023-07-25 22:26:23'),(203,38,'2023-07-25 22:26:23'),(204,40,'2023-07-25 22:26:28'),(205,40,'2023-07-25 22:26:28'),(206,41,'2023-07-26 16:24:45'),(207,40,'2023-07-26 16:24:48'),(208,34,'2023-07-26 16:24:50'),(209,41,'2023-07-26 16:25:06'),(210,42,'2023-07-26 16:25:16'),(211,38,'2023-07-26 16:25:25'),(212,42,'2023-07-26 16:35:11'),(213,41,'2023-07-26 16:35:17'),(214,40,'2023-07-26 16:35:19'),(215,38,'2023-07-26 16:35:22'),(216,37,'2023-07-26 16:35:25'),(217,35,'2023-07-26 16:35:28'),(218,34,'2023-07-26 16:35:30'),(219,33,'2023-07-26 16:35:34'),(220,32,'2023-07-26 16:35:36'),(221,31,'2023-07-26 16:35:39'),(222,30,'2023-07-26 16:35:46'),(223,41,'2023-07-26 16:36:20'),(224,40,'2023-07-26 16:36:22'),(225,34,'2023-07-26 16:36:24'),(226,38,'2023-07-26 16:37:46'),(227,2,'2023-07-26 16:37:48'),(228,40,'2023-07-26 16:37:49'),(229,2,'2023-07-26 16:37:50'),(230,42,'2023-07-26 16:53:29'),(231,42,'2023-07-26 16:53:34'),(232,34,'2023-07-26 17:02:43'),(233,40,'2023-07-26 17:02:45'),(234,41,'2023-07-26 17:02:46'),(235,2,'2023-07-26 17:02:48'),(236,40,'2023-07-26 17:02:49'),(237,43,'2023-07-26 18:33:42'),(238,43,'2023-07-26 18:33:57'),(239,43,'2023-07-26 18:35:48'),(240,42,'2023-07-26 18:36:14'),(241,1,'2023-07-26 18:45:01'),(242,38,'2023-07-26 18:55:22'),(243,2,'2023-07-26 18:55:23'),(244,40,'2023-07-26 18:55:25'),(245,43,'2023-07-26 18:55:27'),(246,43,'2023-07-26 18:55:29'),(247,43,'2023-07-26 18:55:30'),(248,43,'2023-07-26 18:55:31'),(249,43,'2023-07-26 18:55:32'),(250,43,'2023-07-26 18:55:33'),(251,43,'2023-07-26 18:55:34'),(252,43,'2023-07-26 18:55:35'),(253,43,'2023-07-26 18:55:35'),(254,43,'2023-07-26 18:55:36'),(255,2,'2023-07-26 18:55:41');
/*!40000 ALTER TABLE `visit_log` ENABLE KEYS */;
UNLOCK TABLES;

--
-- Table structure for table `visitor`
--

DROP TABLE IF EXISTS `visitor`;
/*!40101 SET @saved_cs_client     = @@character_set_client */;
/*!50503 SET character_set_client = utf8mb4 */;
CREATE TABLE `visitor` (
  `id_visitor` int NOT NULL AUTO_INCREMENT,
  `visitor_name` varchar(255) NOT NULL,
  `email` varchar(255) NOT NULL,
  `banned` tinyint(1) NOT NULL,
  `visitor_image` text,
  PRIMARY KEY (`id_visitor`)
) ENGINE=InnoDB AUTO_INCREMENT=53 DEFAULT CHARSET=utf8mb4 COLLATE=utf8mb4_0900_ai_ci;
/*!40101 SET character_set_client = @saved_cs_client */;

--
-- Dumping data for table `visitor`
--

LOCK TABLES `visitor` WRITE;
/*!40000 ALTER TABLE `visitor` DISABLE KEYS */;
INSERT INTO `visitor` VALUES (1,'Marko','marko@gmail.com',0,NULL),(2,'Nikola','nikola@gmail.com',0,NULL),(3,'Jelena','jelena@gmail.com',0,NULL),(5,'Jovan','jovan@gmail.com',0,NULL),(6,'Jovan','jovan@gmail.com',0,NULL),(7,'Mika','mika@yahoo.com',0,NULL),(8,'Nikola','nikola.123@gmail.com',0,NULL),(9,'Mika','mika@yahoo.com',0,NULL),(10,'Marko','marko@markovic.com',0,NULL),(11,'Marko','marko@markovic.com',0,NULL),(12,'Ivan','ivan.peric@gmail.com',0,NULL),(13,'Jovan','jovan@gmail.com',0,NULL),(14,'Mika','mika@yahoo.com',0,NULL),(15,'Jovan','jovan@gmail.com',0,NULL),(16,'Jovan','jovan@gmail.com',0,NULL),(17,'Zika','zika@gmail.com',0,NULL),(18,'Mika','mika@yahoo.com',0,NULL),(19,'Jelena','jelena123@gmail.com',0,NULL),(20,'KomentarUser','komentar@gmail.com',0,NULL),(21,'KomentarUser','komentar@gmail.com',0,NULL),(22,'Komentar','komentar@gmail.com',0,NULL),(23,'komentar','komentar@gmail.com',0,NULL),(24,'Nikola','nikola@gmail.com',0,NULL),(25,'Marko','marko@gmail.com',0,NULL),(26,'Marko','marko@gmail.com',0,NULL),(27,'Nenad','nenad@gmail.com',0,NULL),(28,'Janko','janko@gmail.com',0,NULL),(29,'Janko','janko@gmail.com',0,NULL),(30,'Nenad','nenad@gmail.com',0,'https://encrypted-tbn0.gstatic.com/images?q=tbn:ANd9GcQXvqA4CpU7RdQCO1P9Oct7NEJ_4K3vKigrGNba_4qT1FILKsloiNTsO2LoqdGEJ-FzAwU&usqp=CAU'),(32,'Jelena','jelena123@gmail.com',0,'https://static.vecteezy.com/system/resources/thumbnails/002/002/257/small_2x/beautiful-woman-avatar-character-icon-free-vector.jpg'),(34,'Mirko','mirko@gmail.com',0,NULL),(36,'Slavko','slavko@gmail.com',0,NULL),(37,'Stanko','stanko@gmail.com',0,NULL),(38,' ','nenad@gmail.com',0,NULL),(39,'Goran','goran@gmail.com',0,'https://img.freepik.com/premium-vector/young-smiling-man-avatar-man-with-brown-beard-mustache-hair-wearing-yellow-sweater-sweatshirt-3d-vector-people-character-illustration-cartoon-minimal-style_365941-860.jpg'),(40,'Goran','goran@gmail.com',0,'https://img.freepik.com/premium-vector/young-smiling-man-avatar-man-with-brown-beard-mustache-hair-wearing-yellow-sweater-sweatshirt-3d-vector-people-character-illustration-cartoon-minimal-style_365941-860.jpg'),(41,'asdf','mirko@gmail.com',0,NULL),(42,'Zarko','zarko@gmail.com',0,NULL),(43,'a','komentar@gmail.com',0,NULL),(44,'a','janko@gmail.com',0,NULL),(45,'Komentar','komentar@gmail.com',0,NULL),(46,'asdf','asdf!@gmail.com',0,NULL),(47,'Nenad','nenad@gmail.com',0,'https://encrypted-tbn0.gstatic.com/images?q=tbn:ANd9GcQXvqA4CpU7RdQCO1P9Oct7NEJ_4K3vKigrGNba_4qT1FILKsloiNTsO2LoqdGEJ-FzAwU&usqp=CAU'),(48,'Nenad','nenad123@gmail.com',0,'https://encrypted-tbn0.gstatic.com/images?q=tbn:ANd9GcQXvqA4CpU7RdQCO1P9Oct7NEJ_4K3vKigrGNba_4qT1FILKsloiNTsO2LoqdGEJ-FzAwU&usqp=CAU'),(49,'Mirko','mirko123@yahoo.com',0,'images/ts_1690312828157_Mirko_Mirkovic.avif'),(50,'Jovan','jovan@gmail.com',0,NULL),(51,'Nenad','nenad123@gmail.com',0,'images/ts_1690386878408_Nenad_Stojanov.jpg'),(52,'Janko','janko@gmail.com',0,NULL);
/*!40000 ALTER TABLE `visitor` ENABLE KEYS */;
UNLOCK TABLES;

--
-- Final view structure for view `getcategorylistbyprioritytop4`
--

/*!50001 DROP VIEW IF EXISTS `getcategorylistbyprioritytop4`*/;
/*!50001 SET @saved_cs_client          = @@character_set_client */;
/*!50001 SET @saved_cs_results         = @@character_set_results */;
/*!50001 SET @saved_col_connection     = @@collation_connection */;
/*!50001 SET character_set_client      = utf8mb4 */;
/*!50001 SET character_set_results     = utf8mb4 */;
/*!50001 SET collation_connection      = utf8mb4_0900_ai_ci */;
/*!50001 CREATE ALGORITHM=UNDEFINED */
/*!50013 DEFINER=`root`@`localhost` SQL SECURITY DEFINER */
/*!50001 VIEW `getcategorylistbyprioritytop4` AS select `category`.`id_category` AS `id_category`,`category`.`category_name` AS `category_name`,`category`.`category_description` AS `category_description`,`category`.`category_priority` AS `category_priority`,`category`.`category_blog_count` AS `category_blog_count` from `category` where (`category`.`category_priority` > 0) order by `category`.`category_priority` limit 4 */;
/*!50001 SET character_set_client      = @saved_cs_client */;
/*!50001 SET character_set_results     = @saved_cs_results */;
/*!50001 SET collation_connection      = @saved_col_connection */;

--
-- Final view structure for view `gettaglistbyfrequency`
--

/*!50001 DROP VIEW IF EXISTS `gettaglistbyfrequency`*/;
/*!50001 SET @saved_cs_client          = @@character_set_client */;
/*!50001 SET @saved_cs_results         = @@character_set_results */;
/*!50001 SET @saved_col_connection     = @@collation_connection */;
/*!50001 SET character_set_client      = utf8mb4 */;
/*!50001 SET character_set_results     = utf8mb4 */;
/*!50001 SET collation_connection      = utf8mb4_0900_ai_ci */;
/*!50001 CREATE ALGORITHM=UNDEFINED */
/*!50013 DEFINER=`root`@`localhost` SQL SECURITY DEFINER */
/*!50001 VIEW `gettaglistbyfrequency` AS select `tag`.`id_tag` AS `id_tag`,`tag`.`tag_name` AS `tag_name` from `tag` where `tag`.`id_tag` in (select `subquery`.`tag_id` from (select `blog_product_tag`.`tag_id` AS `tag_id`,count(`blog_product_tag`.`id_blog_product_tag`) AS `counter` from (`blog_product_tag` join `blog_product` on((`blog_product_tag`.`blog_product_id` = `blog_product`.`id_blog_product`))) where (`blog_product`.`enabled` = 1) group by `blog_product_tag`.`tag_id` order by `counter` desc) `subquery`) */;
/*!50001 SET character_set_client      = @saved_cs_client */;
/*!50001 SET character_set_results     = @saved_cs_results */;
/*!50001 SET collation_connection      = @saved_col_connection */;
/*!40103 SET TIME_ZONE=@OLD_TIME_ZONE */;

/*!40101 SET SQL_MODE=@OLD_SQL_MODE */;
/*!40014 SET FOREIGN_KEY_CHECKS=@OLD_FOREIGN_KEY_CHECKS */;
/*!40014 SET UNIQUE_CHECKS=@OLD_UNIQUE_CHECKS */;
/*!40101 SET CHARACTER_SET_CLIENT=@OLD_CHARACTER_SET_CLIENT */;
/*!40101 SET CHARACTER_SET_RESULTS=@OLD_CHARACTER_SET_RESULTS */;
/*!40101 SET COLLATION_CONNECTION=@OLD_COLLATION_CONNECTION */;
/*!40111 SET SQL_NOTES=@OLD_SQL_NOTES */;

-- Dump completed on 2023-07-26 19:07:31
